Date,Rate
1/4/1999,1.1812
1/5/1999,1.176
1/6/1999,1.1636
1/7/1999,1.1672
1/8/1999,1.1554
1/11/1999,1.1534
1/12/1999,1.1548
1/13/1999,1.1698
1/14/1999,1.1689
1/15/1999,1.1591
1/19/1999,1.161
1/20/1999,1.1575
1/21/1999,1.1577
1/22/1999,1.1582
1/25/1999,1.1566
1/26/1999,1.1577
1/27/1999,1.1481
1/28/1999,1.1395
1/29/1999,1.1371
2/1/1999,1.1303
2/2/1999,1.1328
2/3/1999,1.1339
2/4/1999,1.1306
2/5/1999,1.1283
2/8/1999,1.1296
2/9/1999,1.13
2/10/1999,1.1331
2/11/1999,1.1303
2/12/1999,1.1282
2/16/1999,1.1189
2/17/1999,1.123
2/18/1999,1.1223
2/19/1999,1.1075
2/22/1999,1.1037
2/23/1999,1.0993
2/24/1999,1.0972
2/25/1999,1.1068
2/26/1999,1.0995
3/1/1999,1.0891
3/2/1999,1.0931
3/3/1999,1.0888
3/4/1999,1.0824
3/5/1999,1.0843
3/8/1999,1.0899
3/9/1999,1.0873
3/10/1999,1.0961
3/11/1999,1.0932
3/12/1999,1.0936
3/15/1999,1.093
3/16/1999,1.0915
3/17/1999,1.1015
3/18/1999,1.099
3/19/1999,1.0923
3/22/1999,1.0915
3/23/1999,1.0918
3/24/1999,1.0921
3/25/1999,1.0871
3/26/1999,1.0743
3/29/1999,1.0716
3/30/1999,1.0732
3/31/1999,1.0808
4/1/1999,1.0782
4/2/1999,1.0782
4/5/1999,1.0706
4/6/1999,1.0838
4/7/1999,1.0784
4/8/1999,1.0835
4/9/1999,1.0786
4/12/1999,1.0842
4/13/1999,1.078
4/14/1999,1.0779
4/15/1999,1.0717
4/16/1999,1.0688
4/19/1999,1.0608
4/20/1999,1.063
4/21/1999,1.0612
4/22/1999,1.0598
4/23/1999,1.0634
4/26/1999,1.059
4/27/1999,1.0649
4/28/1999,1.0616
4/29/1999,1.0591
4/30/1999,1.0564
5/3/1999,1.0571
5/4/1999,1.0593
5/5/1999,1.0724
5/6/1999,1.0779
5/7/1999,1.0781
5/10/1999,1.0787
5/11/1999,1.072
5/12/1999,1.0666
5/13/1999,1.0626
5/14/1999,1.065
5/17/1999,1.0672
5/18/1999,1.0672
5/19/1999,1.0641
5/20/1999,1.063
5/21/1999,1.0577
5/24/1999,1.0593
5/25/1999,1.0587
5/26/1999,1.0471
5/27/1999,1.0439
5/28/1999,1.0422
6/1/1999,1.0449
6/2/1999,1.0357
6/3/1999,1.0355
6/4/1999,1.0327
6/7/1999,1.0296
6/8/1999,1.0438
6/9/1999,1.045
6/10/1999,1.0477
6/11/1999,1.0516
6/14/1999,1.0416
6/15/1999,1.042
6/16/1999,1.0298
6/17/1999,1.0329
6/18/1999,1.0368
6/21/1999,1.0323
6/22/1999,1.0323
6/23/1999,1.0316
6/24/1999,1.0372
6/25/1999,1.0448
6/28/1999,1.0373
6/29/1999,1.0337
6/30/1999,1.031
7/1/1999,1.0236
7/2/1999,1.0244
7/6/1999,1.0249
7/7/1999,1.0224
7/8/1999,1.0198
7/9/1999,1.0186
7/12/1999,1.0139
7/13/1999,1.0176
7/14/1999,1.0215
7/15/1999,1.022
7/16/1999,1.0203
7/19/1999,1.0203
7/20/1999,1.042
7/21/1999,1.0526
7/22/1999,1.0509
7/23/1999,1.0497
7/26/1999,1.0651
7/27/1999,1.0627
7/28/1999,1.0644
7/29/1999,1.0719
7/30/1999,1.0694
8/2/1999,1.0661
8/3/1999,1.068
8/4/1999,1.0766
8/5/1999,1.0793
8/6/1999,1.077
8/9/1999,1.0694
8/10/1999,1.0752
8/11/1999,1.066
8/12/1999,1.0636
8/13/1999,1.0568
8/16/1999,1.0557
8/17/1999,1.0525
8/18/1999,1.0505
8/19/1999,1.0643
8/20/1999,1.0654
8/23/1999,1.0553
8/24/1999,1.0506
8/25/1999,1.0461
8/26/1999,1.0441
8/27/1999,1.046
8/30/1999,1.0445
8/31/1999,1.0581
9/1/1999,1.0582
9/2/1999,1.0689
9/3/1999,1.0605
9/7/1999,1.0581
9/8/1999,1.059
9/9/1999,1.0543
9/10/1999,1.0402
9/13/1999,1.04
9/14/1999,1.0408
9/15/1999,1.0385
9/16/1999,1.0418
9/17/1999,1.0399
9/20/1999,1.0408
9/21/1999,1.046
9/22/1999,1.05
9/23/1999,1.0415
9/24/1999,1.0466
9/27/1999,1.0431
9/28/1999,1.0509
9/29/1999,1.0613
9/30/1999,1.0643
10/1/1999,1.0718
10/4/1999,1.0703
10/5/1999,1.0693
10/6/1999,1.0704
10/7/1999,1.0721
10/8/1999,1.063
10/12/1999,1.0737
10/13/1999,1.0758
10/14/1999,1.0799
10/15/1999,1.0887
10/18/1999,1.0863
10/19/1999,1.0833
10/20/1999,1.0765
10/21/1999,1.0808
10/22/1999,1.0678
10/25/1999,1.0666
10/26/1999,1.0578
10/27/1999,1.0532
10/28/1999,1.0519
10/29/1999,1.0518
11/1/1999,1.0494
11/2/1999,1.0506
11/3/1999,1.0485
11/4/1999,1.044
11/5/1999,1.04
11/8/1999,1.0363
11/9/1999,1.0401
11/10/1999,1.0436
11/12/1999,1.0315
11/15/1999,1.0315
11/16/1999,1.0312
11/17/1999,1.0403
11/18/1999,1.0297
11/19/1999,1.0313
11/22/1999,1.0327
11/23/1999,1.0261
11/24/1999,1.0176
11/26/1999,1.0137
11/29/1999,1.01
11/30/1999,1.0077
12/1/1999,1.0059
12/2/1999,1.0023
12/3/1999,1.0016
12/6/1999,1.0252
12/7/1999,1.0222
12/8/1999,1.0263
12/9/1999,1.0161
12/10/1999,1.0158
12/13/1999,1.012
12/14/1999,1.0067
12/15/1999,1.0066
12/16/1999,1.0169
12/17/1999,1.0088
12/20/1999,1.0066
12/21/1999,1.0093
12/22/1999,1.008
12/23/1999,1.0162
12/24/1999,1.0128
12/27/1999,1.0136
12/28/1999,1.0068
12/29/1999,1.0045
12/30/1999,1.0024
12/31/1999,1.007
1/3/2000,1.0155
1/4/2000,1.0309
1/5/2000,1.0335
1/6/2000,1.0324
1/7/2000,1.0294
1/10/2000,1.0252
1/11/2000,1.0322
1/12/2000,1.0281
1/13/2000,1.027
1/14/2000,1.0128
1/18/2000,1.0121
1/19/2000,1.0115
1/20/2000,1.0133
1/21/2000,1.01
1/24/2000,1.0019
1/25/2000,1.0041
1/26/2000,1.0011
1/27/2000,0.989
1/28/2000,0.9765
1/31/2000,0.9757
2/1/2000,0.9731
2/2/2000,0.9768
2/3/2000,0.9887
2/4/2000,0.976
2/7/2000,0.9783
2/8/2000,0.9862
2/9/2000,0.9914
2/10/2000,0.9865
2/11/2000,0.9847
2/14/2000,0.9783
2/15/2000,0.9834
2/16/2000,0.9842
2/17/2000,0.9863
2/18/2000,0.985
2/22/2000,1.006
2/23/2000,1.0017
2/24/2000,0.9931
2/25/2000,0.9763
2/28/2000,0.9669
2/29/2000,0.9643
3/1/2000,0.97
3/2/2000,0.9619
3/3/2000,0.9618
3/6/2000,0.9603
3/7/2000,0.956
3/8/2000,0.9576
3/9/2000,0.9684
3/10/2000,0.9659
3/13/2000,0.9648
3/14/2000,0.9644
3/15/2000,0.9696
3/16/2000,0.971
3/17/2000,0.9694
3/20/2000,0.971
3/21/2000,0.9703
3/22/2000,0.9608
3/23/2000,0.9691
3/24/2000,0.9724
3/27/2000,0.9645
3/28/2000,0.9614
3/29/2000,0.9524
3/30/2000,0.9594
3/31/2000,0.9574
4/3/2000,0.956
4/4/2000,0.9588
4/5/2000,0.9647
4/6/2000,0.958
4/7/2000,0.959
4/10/2000,0.9588
4/11/2000,0.9591
4/12/2000,0.9551
4/13/2000,0.9524
4/14/2000,0.9564
4/17/2000,0.955
4/18/2000,0.9477
4/19/2000,0.9369
4/20/2000,0.9376
4/21/2000,0.9379
4/24/2000,0.9396
4/25/2000,0.9265
4/26/2000,0.9217
4/27/2000,0.9083
4/28/2000,0.9089
5/1/2000,0.912
5/2/2000,0.9068
5/3/2000,0.8891
5/4/2000,0.8907
5/5/2000,0.8953
5/8/2000,0.895
5/9/2000,0.9023
5/10/2000,0.9097
5/11/2000,0.9021
5/12/2000,0.908
5/15/2000,0.9138
5/16/2000,0.9053
5/17/2000,0.8921
5/18/2000,0.8952
5/19/2000,0.8946
5/22/2000,0.9036
5/23/2000,0.9032
5/24/2000,0.9096
5/25/2000,0.9072
5/26/2000,0.931
5/30/2000,0.9314
5/31/2000,0.9328
6/1/2000,0.9307
6/2/2000,0.9432
6/5/2000,0.9471
6/6/2000,0.957
6/7/2000,0.96
6/8/2000,0.9548
6/9/2000,0.9526
6/12/2000,0.9544
6/13/2000,0.9619
6/14/2000,0.959
6/15/2000,0.953
6/16/2000,0.9648
6/19/2000,0.9622
6/20/2000,0.9557
6/21/2000,0.9455
6/22/2000,0.9398
6/23/2000,0.9358
6/26/2000,0.9382
6/27/2000,0.9444
6/28/2000,0.9444
6/29/2000,0.9515
6/30/2000,0.9545
7/3/2000,0.9526
7/5/2000,0.9548
7/6/2000,0.9527
7/7/2000,0.9484
7/10/2000,0.9521
7/11/2000,0.9497
7/12/2000,0.9401
7/13/2000,0.9339
7/14/2000,0.9374
7/17/2000,0.9351
7/18/2000,0.9322
7/19/2000,0.9237
7/20/2000,0.9292
7/21/2000,0.9343
7/24/2000,0.9314
7/25/2000,0.9391
7/26/2000,0.9413
7/27/2000,0.9331
7/28/2000,0.9246
7/31/2000,0.9266
8/1/2000,0.9228
8/2/2000,0.9137
8/3/2000,0.9042
8/4/2000,0.9075
8/7/2000,0.9105
8/8/2000,0.9019
8/9/2000,0.8991
8/10/2000,0.9077
8/11/2000,0.9046
8/14/2000,0.9037
8/15/2000,0.9135
8/16/2000,0.9143
8/17/2000,0.9152
8/18/2000,0.9068
8/21/2000,0.9027
8/22/2000,0.8965
8/23/2000,0.8967
8/24/2000,0.9028
8/25/2000,0.9024
8/28/2000,0.9002
8/29/2000,0.8966
8/30/2000,0.8924
8/31/2000,0.8878
9/1/2000,0.8993
9/5/2000,0.8876
9/6/2000,0.8702
9/7/2000,0.874
9/8/2000,0.8664
9/11/2000,0.8624
9/12/2000,0.8596
9/13/2000,0.864
9/14/2000,0.8617
9/15/2000,0.8572
9/18/2000,0.8523
9/19/2000,0.8514
9/20/2000,0.8462
9/21/2000,0.8558
9/22/2000,0.8793
9/25/2000,0.8738
9/26/2000,0.8815
9/27/2000,0.8805
9/28/2000,0.8826
9/29/2000,0.8837
10/2/2000,0.8806
10/3/2000,0.8741
10/4/2000,0.8726
10/5/2000,0.8685
10/6/2000,0.868
10/10/2000,0.8682
10/11/2000,0.8715
10/12/2000,0.8644
10/13/2000,0.8568
10/16/2000,0.8489
10/17/2000,0.8507
10/18/2000,0.8391
10/19/2000,0.8406
10/20/2000,0.84
10/23/2000,0.8364
10/24/2000,0.8364
10/25/2000,0.827
10/26/2000,0.8271
10/27/2000,0.8406
10/30/2000,0.8432
10/31/2000,0.8486
11/1/2000,0.8584
11/2/2000,0.8594
11/3/2000,0.8614
11/6/2000,0.8584
11/7/2000,0.8583
11/8/2000,0.8559
11/9/2000,0.8574
11/10/2000,0.8625
11/13/2000,0.8607
11/14/2000,0.8573
11/15/2000,0.857
11/16/2000,0.8532
11/17/2000,0.8516
11/20/2000,0.8486
11/21/2000,0.8458
11/22/2000,0.8423
11/24/2000,0.8382
11/27/2000,0.85
11/28/2000,0.8547
11/29/2000,0.8577
11/30/2000,0.8694
12/1/2000,0.8765
12/4/2000,0.8875
12/5/2000,0.8804
12/6/2000,0.8877
12/7/2000,0.8891
12/8/2000,0.8838
12/11/2000,0.8771
12/12/2000,0.8775
12/13/2000,0.8755
12/14/2000,0.8858
12/15/2000,0.8981
12/18/2000,0.8929
12/19/2000,0.8902
12/20/2000,0.9058
12/21/2000,0.9112
12/22/2000,0.923
12/26/2000,0.9292
12/27/2000,0.9304
12/28/2000,0.9257
12/29/2000,0.9388
1/2/2001,0.9465
1/3/2001,0.9473
1/4/2001,0.9448
1/5/2001,0.9535
1/8/2001,0.9486
1/9/2001,0.9397
1/10/2001,0.9387
1/11/2001,0.952
1/12/2001,0.9486
1/16/2001,0.9374
1/17/2001,0.9306
1/18/2001,0.9446
1/19/2001,0.9363
1/22/2001,0.9374
1/23/2001,0.9389
1/24/2001,0.9258
1/25/2001,0.9219
1/26/2001,0.9213
1/29/2001,0.9181
1/30/2001,0.9264
1/31/2001,0.9308
2/1/2001,0.9384
2/2/2001,0.9357
2/5/2001,0.9395
2/6/2001,0.9304
2/7/2001,0.9331
2/8/2001,0.9184
2/9/2001,0.9267
2/12/2001,0.9287
2/13/2001,0.9204
2/14/2001,0.9197
2/15/2001,0.9057
2/16/2001,0.9162
2/20/2001,0.9096
2/21/2001,0.9077
2/22/2001,0.9069
2/23/2001,0.9095
2/26/2001,0.9093
2/27/2001,0.9128
2/28/2001,0.9212
3/1/2001,0.9291
3/2/2001,0.934
3/5/2001,0.9289
3/6/2001,0.9313
3/7/2001,0.9274
3/8/2001,0.9281
3/9/2001,0.9315
3/12/2001,0.93
3/13/2001,0.9148
3/14/2001,0.9133
3/15/2001,0.9046
3/16/2001,0.8929
3/19/2001,0.8985
3/20/2001,0.9054
3/21/2001,0.897
3/22/2001,0.8881
3/23/2001,0.8926
3/26/2001,0.8955
3/27/2001,0.891
3/28/2001,0.8882
3/29/2001,0.8807
3/30/2001,0.8794
4/2/2001,0.8824
4/3/2001,0.893
4/4/2001,0.9013
4/5/2001,0.8976
4/6/2001,0.9002
4/9/2001,0.9014
4/10/2001,0.8884
4/11/2001,0.8856
4/12/2001,0.8922
4/13/2001,0.8888
4/16/2001,0.8862
4/17/2001,0.8814
4/18/2001,0.8816
4/19/2001,0.8909
4/20/2001,0.9032
4/23/2001,0.896
4/24/2001,0.8946
4/25/2001,0.8972
4/26/2001,0.9011
4/27/2001,0.8924
4/30/2001,0.8874
5/1/2001,0.8937
5/2/2001,0.8925
5/3/2001,0.8891
5/4/2001,0.8934
5/7/2001,0.8916
5/8/2001,0.8848
5/9/2001,0.8845
5/10/2001,0.8792
5/11/2001,0.8759
5/14/2001,0.8748
5/15/2001,0.8788
5/16/2001,0.8842
5/17/2001,0.8828
5/18/2001,0.8774
5/21/2001,0.8762
5/22/2001,0.8657
5/23/2001,0.8598
5/24/2001,0.857
5/25/2001,0.8577
5/29/2001,0.8547
5/30/2001,0.8576
5/31/2001,0.8455
6/1/2001,0.8452
6/4/2001,0.8449
6/5/2001,0.8504
6/6/2001,0.8452
6/7/2001,0.8506
6/8/2001,0.8505
6/11/2001,0.8425
6/12/2001,0.8479
6/13/2001,0.8536
6/14/2001,0.8598
6/15/2001,0.8628
6/18/2001,0.861
6/19/2001,0.8558
6/20/2001,0.8506
6/21/2001,0.8544
6/22/2001,0.857
6/25/2001,0.8611
6/26/2001,0.8623
6/27/2001,0.8621
6/28/2001,0.847
6/29/2001,0.8474
7/2/2001,0.8455
7/3/2001,0.8477
7/5/2001,0.837
7/6/2001,0.8465
7/9/2001,0.8474
7/10/2001,0.8557
7/11/2001,0.8614
7/12/2001,0.853
7/13/2001,0.8527
7/16/2001,0.8549
7/17/2001,0.8549
7/18/2001,0.8701
7/19/2001,0.869
7/20/2001,0.8713
7/23/2001,0.8676
7/24/2001,0.8752
7/25/2001,0.8797
7/26/2001,0.8765
7/27/2001,0.8749
7/30/2001,0.875
7/31/2001,0.8752
8/1/2001,0.8793
8/2/2001,0.8813
8/3/2001,0.8843
8/6/2001,0.8802
8/7/2001,0.8775
8/8/2001,0.8778
8/9/2001,0.8886
8/10/2001,0.894
8/13/2001,0.8983
8/14/2001,0.9025
8/15/2001,0.9114
8/16/2001,0.9138
8/17/2001,0.9165
8/20/2001,0.9127
8/21/2001,0.9115
8/22/2001,0.9194
8/23/2001,0.9166
8/24/2001,0.9116
8/27/2001,0.9098
8/28/2001,0.9102
8/29/2001,0.9097
8/30/2001,0.9154
8/31/2001,0.909
9/4/2001,0.8868
9/5/2001,0.8897
9/6/2001,0.8943
9/7/2001,0.9044
9/10/2001,0.8988
9/12/2001,0.9069
9/13/2001,0.9089
9/14/2001,0.9199
9/17/2001,0.9198
9/18/2001,0.9233
9/19/2001,0.931
9/20/2001,0.9255
9/21/2001,0.9099
9/24/2001,0.9135
9/25/2001,0.9222
9/26/2001,0.9231
9/27/2001,0.9181
9/28/2001,0.9099
10/1/2001,0.9159
10/2/2001,0.9149
10/3/2001,0.9181
10/4/2001,0.9141
10/5/2001,0.9168
10/9/2001,0.915
10/10/2001,0.9118
10/11/2001,0.9008
10/12/2001,0.9078
10/15/2001,0.9077
10/16/2001,0.9094
10/17/2001,0.9065
10/18/2001,0.9025
10/19/2001,0.8987
10/22/2001,0.8906
10/23/2001,0.8893
10/24/2001,0.8925
10/25/2001,0.8965
10/26/2001,0.8921
10/29/2001,0.9037
10/30/2001,0.906
10/31/2001,0.8993
11/1/2001,0.9044
11/2/2001,0.9037
11/5/2001,0.8963
11/6/2001,0.8975
11/7/2001,0.8999
11/8/2001,0.891
11/9/2001,0.8935
11/13/2001,0.8811
11/14/2001,0.8829
11/15/2001,0.8813
11/16/2001,0.8849
11/19/2001,0.8781
11/20/2001,0.8832
11/21/2001,0.8781
11/23/2001,0.877
11/26/2001,0.8811
11/27/2001,0.8812
11/28/2001,0.8863
11/29/2001,0.8879
11/30/2001,0.8958
12/3/2001,0.8897
12/4/2001,0.8898
12/5/2001,0.8856
12/6/2001,0.8916
12/7/2001,0.8905
12/10/2001,0.8884
12/11/2001,0.8904
12/12/2001,0.8945
12/13/2001,0.8976
12/14/2001,0.9044
12/17/2001,0.904
12/18/2001,0.9019
12/19/2001,0.8997
12/20/2001,0.8972
12/21/2001,0.8864
12/24/2001,0.8773
12/26/2001,0.8778
12/27/2001,0.8843
12/28/2001,0.8822
12/31/2001,0.8901
1/2/2002,0.9031
1/3/2002,0.8992
1/4/2002,0.8946
1/7/2002,0.8931
1/8/2002,0.8925
1/9/2002,0.8882
1/10/2002,0.8925
1/11/2002,0.8905
1/14/2002,0.8935
1/15/2002,0.8913
1/16/2002,0.8834
1/17/2002,0.88
1/18/2002,0.8844
1/22/2002,0.8838
1/23/2002,0.8836
1/24/2002,0.8782
1/25/2002,0.8655
1/28/2002,0.8605
1/29/2002,0.8643
1/30/2002,0.8648
1/31/2002,0.8594
2/1/2002,0.8613
2/4/2002,0.8685
2/5/2002,0.8672
2/6/2002,0.8693
2/7/2002,0.869
2/8/2002,0.8727
2/11/2002,0.8778
2/12/2002,0.8768
2/13/2002,0.873
2/14/2002,0.8713
2/15/2002,0.873
2/19/2002,0.8764
2/20/2002,0.8705
2/21/2002,0.8712
2/22/2002,0.8757
2/25/2002,0.8713
2/26/2002,0.8682
2/27/2002,0.8642
2/28/2002,0.8658
3/1/2002,0.8652
3/4/2002,0.8705
3/5/2002,0.8699
3/6/2002,0.8772
3/7/2002,0.8795
3/8/2002,0.8752
3/11/2002,0.8768
3/12/2002,0.8759
3/13/2002,0.877
3/14/2002,0.8816
3/15/2002,0.8823
3/18/2002,0.8826
3/19/2002,0.8805
3/20/2002,0.8836
3/21/2002,0.8836
3/22/2002,0.8791
3/25/2002,0.8768
3/26/2002,0.8767
3/27/2002,0.8726
3/28/2002,0.8711
3/29/2002,0.8717
4/1/2002,0.8806
4/2/2002,0.8782
4/3/2002,0.8804
4/4/2002,0.8779
4/5/2002,0.8805
4/8/2002,0.875
4/9/2002,0.8793
4/10/2002,0.8794
4/11/2002,0.8829
4/12/2002,0.8792
4/15/2002,0.8802
4/16/2002,0.883
4/17/2002,0.8885
4/18/2002,0.8898
4/19/2002,0.8893
4/22/2002,0.8877
4/23/2002,0.8897
4/24/2002,0.8915
4/25/2002,0.8978
4/26/2002,0.898
4/29/2002,0.9028
4/30/2002,0.9002
5/1/2002,0.9062
5/2/2002,0.9032
5/3/2002,0.9133
5/6/2002,0.9166
5/7/2002,0.9148
5/8/2002,0.904
5/9/2002,0.9088
5/10/2002,0.9116
5/13/2002,0.9107
5/14/2002,0.9022
5/15/2002,0.9074
5/16/2002,0.9105
5/17/2002,0.9206
5/20/2002,0.9213
5/21/2002,0.9191
5/22/2002,0.9265
5/23/2002,0.9233
5/24/2002,0.922
5/28/2002,0.9285
5/29/2002,0.9313
5/30/2002,0.9373
5/31/2002,0.9339
6/3/2002,0.939
6/4/2002,0.9424
6/5/2002,0.9391
6/6/2002,0.9457
6/7/2002,0.9449
6/10/2002,0.9446
6/11/2002,0.9445
6/12/2002,0.9473
6/13/2002,0.944
6/14/2002,0.9448
6/17/2002,0.9442
6/18/2002,0.9483
6/19/2002,0.9544
6/20/2002,0.9646
6/21/2002,0.9705
6/24/2002,0.9786
6/25/2002,0.9692
6/26/2002,0.9825
6/27/2002,0.9885
6/28/2002,0.9856
7/1/2002,0.9893
7/2/2002,0.984
7/3/2002,0.9816
7/5/2002,0.973
7/8/2002,0.9869
7/9/2002,0.9938
7/10/2002,0.989
7/11/2002,0.9927
7/12/2002,0.9904
7/15/2002,1.0072
7/16/2002,1.0087
7/17/2002,1.0078
7/18/2002,1.0067
7/19/2002,1.0156
7/22/2002,1.0098
7/23/2002,0.9933
7/24/2002,0.9945
7/25/2002,0.9997
7/26/2002,0.9882
7/29/2002,0.9779
7/30/2002,0.9879
7/31/2002,0.9796
8/1/2002,0.9843
8/2/2002,0.9882
8/5/2002,0.9846
8/6/2002,0.964
8/7/2002,0.9738
8/8/2002,0.9653
8/9/2002,0.9714
8/12/2002,0.9778
8/13/2002,0.9787
8/14/2002,0.9867
8/15/2002,0.9816
8/16/2002,0.9836
8/19/2002,0.9775
8/20/2002,0.9779
8/21/2002,0.9796
8/22/2002,0.9697
8/23/2002,0.9726
8/26/2002,0.9731
8/27/2002,0.9814
8/28/2002,0.982
8/29/2002,0.9829
8/30/2002,0.9806
9/3/2002,0.9959
9/4/2002,0.9923
9/5/2002,0.9911
9/6/2002,0.9843
9/9/2002,0.9817
9/10/2002,0.9752
9/11/2002,0.9724
9/12/2002,0.9761
9/13/2002,0.9743
9/16/2002,0.9723
9/17/2002,0.9685
9/18/2002,0.9789
9/19/2002,0.9817
9/20/2002,0.9839
9/23/2002,0.9822
9/24/2002,0.9815
9/25/2002,0.9797
9/26/2002,0.9755
9/27/2002,0.9772
9/30/2002,0.9879
10/1/2002,0.9859
10/2/2002,0.9842
10/3/2002,0.9871
10/4/2002,0.9821
10/7/2002,0.9816
10/8/2002,0.9796
10/9/2002,0.9868
10/10/2002,0.9861
10/11/2002,0.9854
10/15/2002,0.981
10/16/2002,0.9824
10/17/2002,0.9718
10/18/2002,0.9708
10/21/2002,0.9732
10/22/2002,0.9782
10/23/2002,0.9772
10/24/2002,0.9742
10/25/2002,0.9767
10/28/2002,0.9843
10/29/2002,0.9851
10/30/2002,0.9835
10/31/2002,0.9881
11/1/2002,0.9971
11/4/2002,0.9953
11/5/2002,0.9994
11/6/2002,0.9974
11/7/2002,1.0092
11/8/2002,1.0139
11/12/2002,1.0105
11/13/2002,1.006
11/14/2002,1.0034
11/15/2002,1.0082
11/18/2002,1.0083
11/19/2002,1.0107
11/20/2002,1.0024
11/21/2002,0.9984
11/22/2002,0.9966
11/25/2002,0.9937
11/26/2002,0.9913
11/27/2002,0.9895
11/29/2002,0.9932
12/2/2002,0.9927
12/3/2002,0.9968
12/4/2002,0.9999
12/5/2002,0.9989
12/6/2002,1.0081
12/9/2002,1.0088
12/10/2002,1.0073
12/11/2002,1.0083
12/12/2002,1.0189
12/13/2002,1.0226
12/16/2002,1.021
12/17/2002,1.0267
12/18/2002,1.0254
12/19/2002,1.0217
12/20/2002,1.0268
12/23/2002,1.0217
12/24/2002,1.0305
12/26/2002,1.0358
12/27/2002,1.0411
12/30/2002,1.046
12/31/2002,1.0485
1/2/2003,1.0361
1/3/2003,1.0418
1/6/2003,1.0469
1/7/2003,1.0419
1/8/2003,1.0447
1/9/2003,1.0467
1/10/2003,1.0535
1/13/2003,1.0535
1/14/2003,1.0571
1/15/2003,1.0576
1/16/2003,1.0569
1/17/2003,1.066
1/21/2003,1.0677
1/22/2003,1.0729
1/23/2003,1.0767
1/24/2003,1.0825
1/27/2003,1.0838
1/28/2003,1.0833
1/29/2003,1.0861
1/30/2003,1.0776
1/31/2003,1.0739
2/3/2003,1.0761
2/4/2003,1.0875
2/5/2003,1.0842
2/6/2003,1.0828
2/7/2003,1.0801
2/10/2003,1.074
2/11/2003,1.0747
2/12/2003,1.0716
2/13/2003,1.0834
2/14/2003,1.0799
2/18/2003,1.0708
2/19/2003,1.0744
2/20/2003,1.0821
2/21/2003,1.0787
2/24/2003,1.0783
2/25/2003,1.0782
2/26/2003,1.0797
2/27/2003,1.0763
2/28/2003,1.0779
3/3/2003,1.0835
3/4/2003,1.0883
3/5/2003,1.0967
3/6/2003,1.0997
3/7/2003,1.1014
3/10/2003,1.1062
3/11/2003,1.1028
3/12/2003,1.1023
3/13/2003,1.087
3/14/2003,1.0725
3/17/2003,1.0606
3/18/2003,1.0624
3/19/2003,1.059
3/20/2003,1.0613
3/21/2003,1.0545
3/24/2003,1.0644
3/25/2003,1.0673
3/26/2003,1.0677
3/27/2003,1.0708
3/28/2003,1.0762
3/31/2003,1.09
4/1/2003,1.0904
4/2/2003,1.0765
4/3/2003,1.0736
4/4/2003,1.0711
4/7/2003,1.0621
4/8/2003,1.0684
4/9/2003,1.0722
4/10/2003,1.0803
4/11/2003,1.0751
4/14/2003,1.0773
4/15/2003,1.0801
4/16/2003,1.0872
4/17/2003,1.0907
4/18/2003,1.0882
4/21/2003,1.0857
4/22/2003,1.0966
4/23/2003,1.0949
4/24/2003,1.1039
4/25/2003,1.104
4/28/2003,1.0999
4/29/2003,1.101
4/30/2003,1.118
5/1/2003,1.1238
5/2/2003,1.12
5/5/2003,1.1271
5/6/2003,1.1354
5/7/2003,1.134
5/8/2003,1.1453
5/9/2003,1.1498
5/12/2003,1.1557
5/13/2003,1.1499
5/14/2003,1.1498
5/15/2003,1.1457
5/16/2003,1.1542
5/19/2003,1.1686
5/20/2003,1.1685
5/21/2003,1.1707
5/22/2003,1.17
5/23/2003,1.1786
5/27/2003,1.1853
5/28/2003,1.1742
5/29/2003,1.1835
5/30/2003,1.1766
6/2/2003,1.1744
6/3/2003,1.1702
6/4/2003,1.1708
6/5/2003,1.187
6/6/2003,1.1695
6/9/2003,1.1743
6/10/2003,1.1686
6/11/2003,1.1764
6/12/2003,1.1767
6/13/2003,1.183
6/16/2003,1.1843
6/17/2003,1.1812
6/18/2003,1.171
6/19/2003,1.1678
6/20/2003,1.1616
6/23/2003,1.1548
6/24/2003,1.1498
6/25/2003,1.1592
6/26/2003,1.1429
6/27/2003,1.1423
6/30/2003,1.1502
7/1/2003,1.158
7/2/2003,1.1524
7/3/2003,1.1503
7/7/2003,1.1341
7/8/2003,1.1265
7/9/2003,1.1311
7/10/2003,1.139
7/11/2003,1.1304
7/14/2003,1.1298
7/15/2003,1.1233
7/16/2003,1.1209
7/17/2003,1.1164
7/18/2003,1.1239
7/21/2003,1.1346
7/22/2003,1.1325
7/23/2003,1.1484
7/24/2003,1.1441
7/25/2003,1.1513
7/28/2003,1.1497
7/29/2003,1.1466
7/30/2003,1.1367
7/31/2003,1.1231
8/1/2003,1.1252
8/4/2003,1.1337
8/5/2003,1.1349
8/6/2003,1.1357
8/7/2003,1.139
8/8/2003,1.1321
8/11/2003,1.1349
8/12/2003,1.1304
8/13/2003,1.1317
8/14/2003,1.1249
8/15/2003,1.1255
8/18/2003,1.1138
8/19/2003,1.1117
8/20/2003,1.1104
8/21/2003,1.0976
8/22/2003,1.0871
8/25/2003,1.0892
8/26/2003,1.0893
8/27/2003,1.0906
8/28/2003,1.0896
8/29/2003,1.0986
9/2/2003,1.0872
9/3/2003,1.0845
9/4/2003,1.0899
9/5/2003,1.1073
9/8/2003,1.1124
9/9/2003,1.119
9/10/2003,1.1195
9/11/2003,1.1186
9/12/2003,1.1307
9/15/2003,1.1304
9/16/2003,1.1166
9/17/2003,1.1239
9/18/2003,1.124
9/19/2003,1.1346
9/22/2003,1.1468
9/23/2003,1.1487
9/24/2003,1.1472
9/25/2003,1.1484
9/26/2003,1.1482
9/29/2003,1.1578
9/30/2003,1.165
10/1/2003,1.1708
10/2/2003,1.1717
10/3/2003,1.1596
10/6/2003,1.1706
10/7/2003,1.1784
10/8/2003,1.1805
10/9/2003,1.1695
10/10/2003,1.1812
10/14/2003,1.1724
10/15/2003,1.1652
10/16/2003,1.1665
10/17/2003,1.163
10/20/2003,1.1671
10/21/2003,1.1676
10/22/2003,1.1805
10/23/2003,1.1795
10/24/2003,1.1833
10/27/2003,1.1762
10/28/2003,1.1689
10/29/2003,1.1673
10/30/2003,1.1694
10/31/2003,1.1609
11/3/2003,1.1454
11/4/2003,1.1497
11/5/2003,1.1473
11/6/2003,1.1417
11/7/2003,1.1505
11/10/2003,1.1515
11/12/2003,1.1647
11/13/2003,1.1711
11/14/2003,1.1743
11/17/2003,1.1744
11/18/2003,1.1893
11/19/2003,1.1909
11/20/2003,1.1895
11/21/2003,1.1913
11/24/2003,1.1768
11/25/2003,1.1785
11/26/2003,1.1918
11/28/2003,1.1995
12/1/2003,1.1956
12/2/2003,1.2084
12/3/2003,1.2093
12/4/2003,1.2077
12/5/2003,1.2157
12/8/2003,1.2217
12/9/2003,1.2229
12/10/2003,1.2215
12/11/2003,1.2164
12/12/2003,1.2284
12/15/2003,1.229
12/16/2003,1.2328
12/17/2003,1.2381
12/18/2003,1.2376
12/19/2003,1.238
12/22/2003,1.2415
12/23/2003,1.2406
12/24/2003,1.2464
12/26/2003,1.2441
12/29/2003,1.2485
12/30/2003,1.2521
12/31/2003,1.2597
1/2/2004,1.2592
1/5/2004,1.2679
1/6/2004,1.2773
1/7/2004,1.2665
1/8/2004,1.2772
1/9/2004,1.2853
1/12/2004,1.2802
1/13/2004,1.2735
1/14/2004,1.2726
1/15/2004,1.2588
1/16/2004,1.2395
1/20/2004,1.2584
1/21/2004,1.2617
1/22/2004,1.2717
1/23/2004,1.261
1/26/2004,1.2552
1/27/2004,1.2643
1/28/2004,1.262
1/29/2004,1.2389
1/30/2004,1.2452
2/2/2004,1.2426
2/3/2004,1.2561
2/4/2004,1.2552
2/5/2004,1.2606
2/6/2004,1.2694
2/9/2004,1.2672
2/10/2004,1.2727
2/11/2004,1.2815
2/12/2004,1.2807
2/13/2004,1.2751
2/17/2004,1.2848
2/18/2004,1.2812
2/19/2004,1.2685
2/20/2004,1.2563
2/23/2004,1.2569
2/24/2004,1.2692
2/25/2004,1.2503
2/26/2004,1.2444
2/27/2004,1.2441
3/1/2004,1.2431
3/2/2004,1.2212
3/3/2004,1.2088
3/4/2004,1.2225
3/5/2004,1.2401
3/8/2004,1.2371
3/9/2004,1.2428
3/10/2004,1.2226
3/11/2004,1.2268
3/12/2004,1.2191
3/15/2004,1.2243
3/16/2004,1.227
3/17/2004,1.2197
3/18/2004,1.2392
3/19/2004,1.2269
3/22/2004,1.2368
3/23/2004,1.2311
3/24/2004,1.2213
3/25/2004,1.217
3/26/2004,1.2092
3/29/2004,1.2141
3/30/2004,1.2202
3/31/2004,1.2292
4/1/2004,1.2358
4/2/2004,1.2109
4/5/2004,1.2008
4/6/2004,1.2089
4/7/2004,1.2171
4/8/2004,1.2088
4/9/2004,1.2102
4/12/2004,1.2068
4/13/2004,1.1923
4/14/2004,1.194
4/15/2004,1.1914
4/16/2004,1.2025
4/19/2004,1.2019
4/20/2004,1.191
4/21/2004,1.1853
4/22/2004,1.1861
4/23/2004,1.1802
4/26/2004,1.1851
4/27/2004,1.1927
4/28/2004,1.183
4/29/2004,1.1945
4/30/2004,1.1975
5/3/2004,1.1937
5/4/2004,1.2076
5/5/2004,1.2165
5/6/2004,1.209
5/7/2004,1.1885
5/10/2004,1.1834
5/11/2004,1.1818
5/12/2004,1.1911
5/13/2004,1.1801
5/14/2004,1.1874
5/17/2004,1.2009
5/18/2004,1.1971
5/19/2004,1.2015
5/20/2004,1.1926
5/21/2004,1.2009
5/24/2004,1.1978
5/25/2004,1.2107
5/26/2004,1.2102
5/27/2004,1.2274
5/28/2004,1.2217
6/1/2004,1.221
6/2/2004,1.225
6/3/2004,1.2205
6/4/2004,1.2258
6/7/2004,1.232
6/8/2004,1.2273
6/9/2004,1.2097
6/10/2004,1.211
6/11/2004,1.2011
6/14/2004,1.2073
6/15/2004,1.2139
6/16/2004,1.2006
6/17/2004,1.204
6/18/2004,1.2118
6/21/2004,1.211
6/22/2004,1.2092
6/23/2004,1.209
6/24/2004,1.217
6/25/2004,1.2145
6/28/2004,1.2193
6/29/2004,1.2124
6/30/2004,1.2179
7/1/2004,1.2158
7/2/2004,1.2307
7/6/2004,1.229
7/7/2004,1.2384
7/8/2004,1.239
7/9/2004,1.2388
7/12/2004,1.2409
7/13/2004,1.2302
7/14/2004,1.2385
7/15/2004,1.2373
7/16/2004,1.2437
7/19/2004,1.2431
7/20/2004,1.2377
7/21/2004,1.2224
7/22/2004,1.2273
7/23/2004,1.2122
7/26/2004,1.2135
7/27/2004,1.2056
7/28/2004,1.2046
7/29/2004,1.207
7/30/2004,1.2032
8/2/2004,1.2034
8/3/2004,1.2051
8/4/2004,1.2057
8/5/2004,1.205
8/6/2004,1.2272
8/9/2004,1.2261
8/10/2004,1.2306
8/11/2004,1.2222
8/12/2004,1.2224
8/13/2004,1.2354
8/16/2004,1.2333
8/17/2004,1.2329
8/18/2004,1.2299
8/19/2004,1.2368
8/20/2004,1.2324
8/23/2004,1.2196
8/24/2004,1.2099
8/25/2004,1.209
8/26/2004,1.2084
8/27/2004,1.2025
8/30/2004,1.2049
8/31/2004,1.2183
9/1/2004,1.2179
9/2/2004,1.2164
9/3/2004,1.2052
9/7/2004,1.2093
9/8/2004,1.2164
9/9/2004,1.2189
9/10/2004,1.2282
9/13/2004,1.2251
9/14/2004,1.2268
9/15/2004,1.2144
9/16/2004,1.2154
9/17/2004,1.2174
9/20/2004,1.2172
9/21/2004,1.2264
9/22/2004,1.2261
9/23/2004,1.2298
9/24/2004,1.2256
9/27/2004,1.2307
9/28/2004,1.2306
9/29/2004,1.2308
9/30/2004,1.2417
10/1/2004,1.24
10/4/2004,1.2274
10/5/2004,1.2316
10/6/2004,1.2298
10/7/2004,1.2286
10/8/2004,1.2418
10/12/2004,1.232
10/13/2004,1.2271
10/14/2004,1.2393
10/15/2004,1.2478
10/18/2004,1.252
10/19/2004,1.2515
10/20/2004,1.2627
10/21/2004,1.2622
10/22/2004,1.2639
10/25/2004,1.2783
10/26/2004,1.2758
10/27/2004,1.2725
10/28/2004,1.2759
10/29/2004,1.2746
11/1/2004,1.2741
11/2/2004,1.2703
11/3/2004,1.2787
11/4/2004,1.2883
11/5/2004,1.2938
11/8/2004,1.2936
11/9/2004,1.293
11/10/2004,1.2925
11/12/2004,1.2973
11/15/2004,1.2944
11/16/2004,1.2979
11/17/2004,1.3031
11/18/2004,1.2982
11/19/2004,1.3059
11/22/2004,1.3048
11/23/2004,1.309
11/24/2004,1.3162
11/26/2004,1.3288
11/29/2004,1.3286
11/30/2004,1.3259
12/1/2004,1.3308
12/2/2004,1.3268
12/3/2004,1.339
12/6/2004,1.3431
12/7/2004,1.3437
12/8/2004,1.3252
12/9/2004,1.3274
12/10/2004,1.3224
12/13/2004,1.3309
12/14/2004,1.328
12/15/2004,1.3429
12/16/2004,1.3287
12/17/2004,1.3295
12/20/2004,1.3396
12/21/2004,1.3377
12/22/2004,1.339
12/23/2004,1.3491
12/24/2004,1.3536
12/27/2004,1.3625
12/28/2004,1.3621
12/29/2004,1.3568
12/30/2004,1.3623
12/31/2004,1.3538
1/3/2005,1.3476
1/4/2005,1.3295
1/5/2005,1.3292
1/6/2005,1.3187
1/7/2005,1.3062
1/10/2005,1.3109
1/11/2005,1.3161
1/12/2005,1.3281
1/13/2005,1.3207
1/14/2005,1.3106
1/18/2005,1.3043
1/19/2005,1.3036
1/20/2005,1.2959
1/21/2005,1.3049
1/24/2005,1.3041
1/25/2005,1.2954
1/26/2005,1.3081
1/27/2005,1.3032
1/28/2005,1.3033
1/31/2005,1.3049
2/1/2005,1.3017
2/2/2005,1.3015
2/3/2005,1.2959
2/4/2005,1.2927
2/7/2005,1.2773
2/8/2005,1.2783
2/9/2005,1.2797
2/10/2005,1.2882
2/11/2005,1.2864
2/14/2005,1.2981
2/15/2005,1.2986
2/16/2005,1.2994
2/17/2005,1.3083
2/18/2005,1.3075
2/22/2005,1.323
2/23/2005,1.3208
2/24/2005,1.3205
2/25/2005,1.3195
2/28/2005,1.3274
3/1/2005,1.3189
3/2/2005,1.3127
3/3/2005,1.313
3/4/2005,1.3244
3/7/2005,1.3203
3/8/2005,1.3342
3/9/2005,1.3384
3/10/2005,1.3409
3/11/2005,1.3465
3/14/2005,1.3346
3/15/2005,1.3315
3/16/2005,1.3423
3/17/2005,1.3373
3/18/2005,1.3311
3/21/2005,1.3165
3/22/2005,1.321
3/23/2005,1.3005
3/24/2005,1.2957
3/25/2005,1.2954
3/28/2005,1.2877
3/29/2005,1.2913
3/30/2005,1.2944
3/31/2005,1.2969
4/1/2005,1.2896
4/4/2005,1.2838
4/5/2005,1.2842
4/6/2005,1.2868
4/7/2005,1.2906
4/8/2005,1.2912
4/11/2005,1.2972
4/12/2005,1.2873
4/13/2005,1.2918
4/14/2005,1.2819
4/15/2005,1.2928
4/18/2005,1.3037
4/19/2005,1.3034
4/20/2005,1.308
4/21/2005,1.3093
4/22/2005,1.3068
4/25/2005,1.2984
4/26/2005,1.2964
4/27/2005,1.2938
4/28/2005,1.2916
4/29/2005,1.2919
5/2/2005,1.2857
5/3/2005,1.2889
5/4/2005,1.2936
5/5/2005,1.2936
5/6/2005,1.2832
5/9/2005,1.2839
5/10/2005,1.2877
5/11/2005,1.2803
5/12/2005,1.2706
5/13/2005,1.2645
5/16/2005,1.263
5/17/2005,1.2644
5/18/2005,1.266
5/19/2005,1.2628
5/20/2005,1.2553
5/23/2005,1.2575
5/24/2005,1.2588
5/25/2005,1.2602
5/26/2005,1.2517
5/27/2005,1.2568
5/31/2005,1.2349
6/1/2005,1.2232
6/2/2005,1.2266
6/3/2005,1.2227
6/6/2005,1.2268
6/7/2005,1.2277
6/8/2005,1.232
6/9/2005,1.2216
6/10/2005,1.2127
6/13/2005,1.2035
6/14/2005,1.2038
6/15/2005,1.2106
6/16/2005,1.2089
6/17/2005,1.224
6/20/2005,1.214
6/21/2005,1.2134
6/22/2005,1.213
6/23/2005,1.2054
6/24/2005,1.2088
6/27/2005,1.2152
6/28/2005,1.2078
6/29/2005,1.2101
6/30/2005,1.2098
7/1/2005,1.1957
7/5/2005,1.1917
7/6/2005,1.1918
7/7/2005,1.1928
7/8/2005,1.1934
7/11/2005,1.2066
7/12/2005,1.22
7/13/2005,1.209
7/14/2005,1.2089
7/15/2005,1.2037
7/18/2005,1.2077
7/19/2005,1.2001
7/20/2005,1.2046
7/21/2005,1.2113
7/22/2005,1.2079
7/25/2005,1.2054
7/26/2005,1.2007
7/27/2005,1.2048
7/28/2005,1.2121
7/29/2005,1.2129
8/1/2005,1.2195
8/2/2005,1.2209
8/3/2005,1.2337
8/4/2005,1.2383
8/5/2005,1.2327
8/8/2005,1.2361
8/9/2005,1.2347
8/10/2005,1.2345
8/11/2005,1.2434
8/12/2005,1.2428
8/15/2005,1.2362
8/16/2005,1.2342
8/17/2005,1.229
8/18/2005,1.2178
8/19/2005,1.2147
8/22/2005,1.2235
8/23/2005,1.2213
8/24/2005,1.2239
8/25/2005,1.2311
8/26/2005,1.2324
8/29/2005,1.2248
8/30/2005,1.2204
8/31/2005,1.233
9/1/2005,1.2447
9/2/2005,1.2538
9/6/2005,1.2483
9/7/2005,1.2439
9/8/2005,1.24
9/9/2005,1.2433
9/12/2005,1.2288
9/13/2005,1.2263
9/14/2005,1.2282
9/15/2005,1.2216
9/16/2005,1.2214
9/19/2005,1.2153
9/20/2005,1.2177
9/21/2005,1.2208
9/22/2005,1.2153
9/23/2005,1.2077
9/26/2005,1.2036
9/27/2005,1.2011
9/28/2005,1.2016
9/29/2005,1.202
9/30/2005,1.2058
10/3/2005,1.1914
10/4/2005,1.1918
10/5/2005,1.1984
10/6/2005,1.2133
10/7/2005,1.2115
10/11/2005,1.2015
10/12/2005,1.204
10/13/2005,1.1938
10/14/2005,1.2073
10/17/2005,1.204
10/18/2005,1.1939
10/19/2005,1.1988
10/20/2005,1.1982
10/21/2005,1.1958
10/24/2005,1.1998
10/25/2005,1.2099
10/26/2005,1.2082
10/27/2005,1.2148
10/28/2005,1.2089
10/31/2005,1.1995
11/1/2005,1.1998
11/2/2005,1.2067
11/3/2005,1.1971
11/4/2005,1.1828
11/7/2005,1.1795
11/8/2005,1.1773
11/9/2005,1.1748
11/10/2005,1.174
11/14/2005,1.1667
11/15/2005,1.1695
11/16/2005,1.1672
11/17/2005,1.1706
11/18/2005,1.1741
11/21/2005,1.1734
11/22/2005,1.1737
11/23/2005,1.1799
11/25/2005,1.1724
11/28/2005,1.1804
11/29/2005,1.1786
11/30/2005,1.179
12/1/2005,1.1702
12/2/2005,1.1699
12/5/2005,1.1787
12/6/2005,1.1784
12/7/2005,1.1722
12/8/2005,1.183
12/9/2005,1.1824
12/12/2005,1.1969
12/13/2005,1.1926
12/14/2005,1.2041
12/15/2005,1.1965
12/16/2005,1.2012
12/19/2005,1.1996
12/20/2005,1.1848
12/21/2005,1.1816
12/22/2005,1.1883
12/23/2005,1.1857
12/27/2005,1.1856
12/28/2005,1.1875
12/29/2005,1.1846
12/30/2005,1.1842
1/3/2006,1.198
1/4/2006,1.2091
1/5/2006,1.2101
1/6/2006,1.2148
1/9/2006,1.2064
1/10/2006,1.2063
1/11/2006,1.2135
1/12/2006,1.2035
1/13/2006,1.2103
1/17/2006,1.2073
1/18/2006,1.2083
1/19/2006,1.211
1/20/2006,1.2101
1/23/2006,1.2276
1/24/2006,1.2287
1/25/2006,1.2252
1/26/2006,1.2229
1/27/2006,1.213
1/30/2006,1.2091
1/31/2006,1.2158
2/1/2006,1.2092
2/2/2006,1.21
2/3/2006,1.2021
2/6/2006,1.1971
2/7/2006,1.1974
2/8/2006,1.1935
2/9/2006,1.1963
2/10/2006,1.192
2/13/2006,1.1905
2/14/2006,1.1895
2/15/2006,1.1884
2/16/2006,1.1882
2/17/2006,1.1906
2/21/2006,1.1912
2/22/2006,1.1905
2/23/2006,1.1923
2/24/2006,1.1882
2/27/2006,1.186
2/28/2006,1.1925
3/1/2006,1.1899
3/2/2006,1.2003
3/3/2006,1.2028
3/6/2006,1.2002
3/7/2006,1.1888
3/8/2006,1.1914
3/9/2006,1.192
3/10/2006,1.1886
3/13/2006,1.1942
3/14/2006,1.2025
3/15/2006,1.2045
3/16/2006,1.2151
3/17/2006,1.2197
3/20/2006,1.2168
3/21/2006,1.2079
3/22/2006,1.2095
3/23/2006,1.1984
3/24/2006,1.2034
3/27/2006,1.2015
3/28/2006,1.2078
3/29/2006,1.203
3/30/2006,1.2132
3/31/2006,1.2139
4/3/2006,1.2124
4/4/2006,1.2258
4/5/2006,1.2272
4/6/2006,1.2216
4/7/2006,1.2109
4/10/2006,1.2091
4/11/2006,1.2125
4/12/2006,1.2107
4/13/2006,1.2107
4/14/2006,1.2106
4/17/2006,1.2267
4/18/2006,1.2274
4/19/2006,1.2345
4/20/2006,1.2326
4/21/2006,1.234
4/24/2006,1.2373
4/25/2006,1.2412
4/26/2006,1.2464
4/27/2006,1.2525
4/28/2006,1.2624
5/1/2006,1.2607
5/2/2006,1.2644
5/3/2006,1.2639
5/4/2006,1.2684
5/5/2006,1.2733
5/8/2006,1.272
5/9/2006,1.2747
5/10/2006,1.2799
5/11/2006,1.2855
5/12/2006,1.2888
5/15/2006,1.2826
5/16/2006,1.2817
5/17/2006,1.2722
5/18/2006,1.2795
5/19/2006,1.275
5/22/2006,1.285
5/23/2006,1.2844
5/24/2006,1.2747
5/25/2006,1.2777
5/26/2006,1.2739
5/30/2006,1.2868
5/31/2006,1.2833
6/1/2006,1.2824
6/2/2006,1.2912
6/5/2006,1.2953
6/6/2006,1.2828
6/7/2006,1.2799
6/8/2006,1.2648
6/9/2006,1.2636
6/12/2006,1.2587
6/13/2006,1.2574
6/14/2006,1.2631
6/15/2006,1.2616
6/16/2006,1.2623
6/19/2006,1.2577
6/20/2006,1.2568
6/21/2006,1.2665
6/22/2006,1.2582
6/23/2006,1.2522
6/26/2006,1.2554
6/27/2006,1.2589
6/28/2006,1.2532
6/29/2006,1.2534
6/30/2006,1.2779
7/3/2006,1.2793
7/5/2006,1.2726
7/6/2006,1.2757
7/7/2006,1.2822
7/10/2006,1.2751
7/11/2006,1.2754
7/12/2006,1.2706
7/13/2006,1.2673
7/14/2006,1.2641
7/17/2006,1.2529
7/18/2006,1.25
7/19/2006,1.256
7/20/2006,1.2639
7/21/2006,1.2684
7/24/2006,1.263
7/25/2006,1.2576
7/26/2006,1.2628
7/27/2006,1.2732
7/28/2006,1.2748
7/31/2006,1.2764
8/1/2006,1.2778
8/2/2006,1.2798
8/3/2006,1.2779
8/4/2006,1.2894
8/7/2006,1.2867
8/8/2006,1.2839
8/9/2006,1.2888
8/10/2006,1.2765
8/11/2006,1.2757
8/14/2006,1.2735
8/15/2006,1.2788
8/16/2006,1.2864
8/17/2006,1.287
8/18/2006,1.281
8/21/2006,1.2914
8/22/2006,1.2804
8/23/2006,1.2794
8/24/2006,1.276
8/25/2006,1.2767
8/28/2006,1.2784
8/29/2006,1.2768
8/30/2006,1.2825
8/31/2006,1.2793
9/1/2006,1.2833
9/5/2006,1.281
9/6/2006,1.2787
9/7/2006,1.2757
9/8/2006,1.2673
9/11/2006,1.2699
9/12/2006,1.2693
9/13/2006,1.2708
9/14/2006,1.2736
9/15/2006,1.2648
9/18/2006,1.2671
9/19/2006,1.2683
9/20/2006,1.2701
9/21/2006,1.273
9/22/2006,1.2796
9/25/2006,1.2747
9/26/2006,1.2687
9/27/2006,1.2699
9/28/2006,1.2697
9/29/2006,1.2687
10/2/2006,1.2744
10/3/2006,1.2727
10/4/2006,1.2687
10/5/2006,1.2687
10/6/2006,1.26
10/10/2006,1.2541
10/11/2006,1.2547
10/12/2006,1.2537
10/13/2006,1.2502
10/16/2006,1.2518
10/17/2006,1.2564
10/18/2006,1.2516
10/19/2006,1.2594
10/20/2006,1.2613
10/23/2006,1.2544
10/24/2006,1.2565
10/25/2006,1.2591
10/26/2006,1.2669
10/27/2006,1.2725
10/30/2006,1.2717
10/31/2006,1.2773
11/1/2006,1.2771
11/2/2006,1.278
11/3/2006,1.2705
11/6/2006,1.2715
11/7/2006,1.2806
11/8/2006,1.2775
11/9/2006,1.2835
11/10/2006,1.2861
11/13/2006,1.281
11/14/2006,1.2812
11/15/2006,1.2808
11/16/2006,1.2808
11/17/2006,1.2823
11/20/2006,1.281
11/21/2006,1.2824
11/22/2006,1.2928
11/24/2006,1.3081
11/27/2006,1.312
11/28/2006,1.3162
11/29/2006,1.3146
11/30/2006,1.3261
12/1/2006,1.3316
12/4/2006,1.3327
12/5/2006,1.3327
12/6/2006,1.3307
12/7/2006,1.3296
12/8/2006,1.3215
12/11/2006,1.3223
12/12/2006,1.3233
12/13/2006,1.3215
12/14/2006,1.3174
12/15/2006,1.3095
12/18/2006,1.3073
12/19/2006,1.3194
12/20/2006,1.3183
12/21/2006,1.3175
12/22/2006,1.3131
12/26/2006,1.3132
12/27/2006,1.3125
12/28/2006,1.3158
12/29/2006,1.3197
1/2/2007,1.3286
1/3/2007,1.3169
1/4/2007,1.3094
1/5/2007,1.3005
1/8/2007,1.3023
1/9/2007,1.2995
1/10/2007,1.294
1/11/2007,1.2904
1/12/2007,1.2926
1/16/2007,1.2918
1/17/2007,1.2948
1/18/2007,1.2942
1/19/2007,1.2968
1/22/2007,1.2957
1/23/2007,1.3025
1/24/2007,1.2964
1/25/2007,1.298
1/26/2007,1.2909
1/29/2007,1.2948
1/30/2007,1.2954
1/31/2007,1.2998
2/1/2007,1.3021
2/2/2007,1.296
2/5/2007,1.2933
2/6/2007,1.2969
2/7/2007,1.302
2/8/2007,1.3034
2/9/2007,1.3005
2/12/2007,1.2962
2/13/2007,1.3024
2/14/2007,1.3126
2/15/2007,1.314
2/16/2007,1.3137
2/20/2007,1.3134
2/21/2007,1.3126
2/22/2007,1.3134
2/23/2007,1.3164
2/26/2007,1.3159
2/27/2007,1.3246
2/28/2007,1.323
3/1/2007,1.3173
3/2/2007,1.3182
3/5/2007,1.3094
3/6/2007,1.3108
3/7/2007,1.3148
3/8/2007,1.3129
3/9/2007,1.3118
3/12/2007,1.3186
3/13/2007,1.3199
3/14/2007,1.3227
3/15/2007,1.3249
3/16/2007,1.3307
3/19/2007,1.3299
3/20/2007,1.3291
3/21/2007,1.3305
3/22/2007,1.3359
3/23/2007,1.3302
3/26/2007,1.3336
3/27/2007,1.3357
3/28/2007,1.3331
3/29/2007,1.3336
3/30/2007,1.3374
4/2/2007,1.3374
4/3/2007,1.3363
4/4/2007,1.3364
4/5/2007,1.3426
4/6/2007,1.338
4/9/2007,1.3367
4/10/2007,1.3436
4/11/2007,1.3436
4/12/2007,1.3484
4/13/2007,1.3518
4/16/2007,1.355
4/17/2007,1.3569
4/18/2007,1.3574
4/19/2007,1.3605
4/20/2007,1.3601
4/23/2007,1.358
4/24/2007,1.3622
4/25/2007,1.3647
4/26/2007,1.359
4/27/2007,1.3625
4/30/2007,1.366
5/1/2007,1.36
5/2/2007,1.3598
5/3/2007,1.3566
5/4/2007,1.3587
5/7/2007,1.3616
5/8/2007,1.3532
5/9/2007,1.3549
5/10/2007,1.3512
5/11/2007,1.3519
5/14/2007,1.3544
5/15/2007,1.3603
5/16/2007,1.3522
5/17/2007,1.3494
5/18/2007,1.3511
5/21/2007,1.3457
5/22/2007,1.3464
5/23/2007,1.3482
5/24/2007,1.3429
5/25/2007,1.3452
5/29/2007,1.3483
5/30/2007,1.3419
5/31/2007,1.3453
6/1/2007,1.344
6/4/2007,1.3488
6/5/2007,1.3526
6/6/2007,1.3492
6/7/2007,1.3456
6/8/2007,1.3359
6/11/2007,1.3359
6/12/2007,1.3325
6/13/2007,1.3295
6/14/2007,1.3311
6/15/2007,1.3365
6/18/2007,1.3401
6/19/2007,1.3416
6/20/2007,1.3426
6/21/2007,1.3399
6/22/2007,1.3438
6/25/2007,1.345
6/26/2007,1.3468
6/27/2007,1.3433
6/28/2007,1.3466
6/29/2007,1.352
7/2/2007,1.3627
7/3/2007,1.3615
7/5/2007,1.3592
7/6/2007,1.3626
7/9/2007,1.3623
7/10/2007,1.3714
7/11/2007,1.3757
7/12/2007,1.3776
7/13/2007,1.3788
7/16/2007,1.3785
7/17/2007,1.3782
7/18/2007,1.3808
7/19/2007,1.3811
7/20/2007,1.3831
7/23/2007,1.3817
7/24/2007,1.3824
7/25/2007,1.3711
7/26/2007,1.373
7/27/2007,1.3647
7/30/2007,1.3681
7/31/2007,1.3711
8/1/2007,1.3682
8/2/2007,1.3693
8/3/2007,1.3785
8/6/2007,1.3789
8/7/2007,1.3747
8/8/2007,1.3808
8/9/2007,1.3701
8/10/2007,1.3686
8/13/2007,1.3624
8/14/2007,1.3581
8/15/2007,1.3479
8/16/2007,1.3402
8/17/2007,1.3492
8/20/2007,1.3468
8/21/2007,1.3483
8/22/2007,1.3535
8/23/2007,1.356
8/24/2007,1.3645
8/27/2007,1.3645
8/28/2007,1.3626
8/29/2007,1.3675
8/30/2007,1.3648
8/31/2007,1.3641
9/3/2007,1.3641
9/4/2007,1.3606
9/5/2007,1.3669
9/6/2007,1.3697
9/7/2007,1.3772
9/10/2007,1.3794
9/11/2007,1.3837
9/12/2007,1.3904
9/13/2007,1.3885
9/14/2007,1.3848
9/17/2007,1.386
9/18/2007,1.3869
9/19/2007,1.395
9/20/2007,1.4092
9/21/2007,1.4076
9/24/2007,1.4086
9/25/2007,1.4128
9/26/2007,1.4126
9/27/2007,1.4138
9/28/2007,1.4219
10/1/2007,1.4229
10/2/2007,1.4163
10/3/2007,1.4135
10/4/2007,1.4128
10/5/2007,1.4154
10/8/2007,1.4154
10/9/2007,1.4092
10/10/2007,1.4157
10/11/2007,1.4228
10/12/2007,1.4168
10/15/2007,1.4216
10/16/2007,1.4165
10/17/2007,1.4208
10/18/2007,1.4291
10/19/2007,1.4263
10/22/2007,1.4138
10/23/2007,1.4248
10/24/2007,1.4237
10/25/2007,1.4299
10/26/2007,1.439
10/29/2007,1.4405
10/30/2007,1.4424
10/31/2007,1.4468
11/1/2007,1.4435
11/2/2007,1.4481
11/5/2007,1.4469
11/6/2007,1.4555
11/7/2007,1.4667
11/8/2007,1.4691
11/9/2007,1.4665
11/13/2007,1.4598
11/14/2007,1.467
11/15/2007,1.4639
11/16/2007,1.4652
11/19/2007,1.4658
11/20/2007,1.4787
11/21/2007,1.4829
11/22/2007,1.4829
11/23/2007,1.4825
11/26/2007,1.4862
11/27/2007,1.4817
11/28/2007,1.475
11/29/2007,1.4766
11/30/2007,1.4688
12/3/2007,1.4657
12/4/2007,1.4759
12/5/2007,1.4666
12/6/2007,1.4638
12/7/2007,1.4664
12/10/2007,1.4714
12/11/2007,1.4702
12/12/2007,1.4702
12/13/2007,1.4591
12/14/2007,1.4433
12/17/2007,1.4369
12/18/2007,1.4392
12/19/2007,1.4344
12/20/2007,1.4353
12/21/2007,1.4361
12/24/2007,1.4409
12/26/2007,1.45
12/27/2007,1.4601
12/28/2007,1.4718
12/31/2007,1.4603
1/2/2008,1.4738
1/3/2008,1.4736
1/4/2008,1.4786
1/7/2008,1.4684
1/8/2008,1.4717
1/9/2008,1.4663
1/10/2008,1.474
1/11/2008,1.4787
1/14/2008,1.4877
1/15/2008,1.4842
1/16/2008,1.4643
1/17/2008,1.469
1/18/2008,1.4616
1/22/2008,1.4609
1/23/2008,1.4574
1/24/2008,1.4737
1/25/2008,1.4673
1/28/2008,1.4789
1/29/2008,1.4767
1/30/2008,1.4782
1/31/2008,1.4841
2/1/2008,1.4851
2/4/2008,1.4832
2/5/2008,1.4638
2/6/2008,1.4647
2/7/2008,1.4495
2/8/2008,1.4505
2/11/2008,1.4506
2/12/2008,1.4592
2/13/2008,1.4569
2/14/2008,1.4635
2/15/2008,1.4674
2/19/2008,1.4742
2/20/2008,1.4663
2/21/2008,1.4813
2/22/2008,1.4825
2/25/2008,1.4822
2/26/2008,1.4889
2/27/2008,1.5132
2/28/2008,1.5172
2/29/2008,1.5187
3/3/2008,1.5195
3/4/2008,1.521
3/5/2008,1.5282
3/6/2008,1.5356
3/7/2008,1.5333
3/10/2008,1.5369
3/11/2008,1.5329
3/12/2008,1.5495
3/13/2008,1.5584
3/14/2008,1.5604
3/17/2008,1.5765
3/18/2008,1.5784
3/19/2008,1.5642
3/20/2008,1.5417
3/21/2008,1.5447
3/24/2008,1.5394
3/25/2008,1.5595
3/26/2008,1.5761
3/27/2008,1.5798
3/28/2008,1.5759
3/31/2008,1.5805
4/1/2008,1.5615
4/2/2008,1.5618
4/3/2008,1.5667
4/4/2008,1.5735
4/7/2008,1.5713
4/8/2008,1.5705
4/9/2008,1.5804
4/10/2008,1.5744
4/11/2008,1.5796
4/14/2008,1.5827
4/15/2008,1.5801
4/16/2008,1.5978
4/17/2008,1.5924
4/18/2008,1.5742
4/21/2008,1.5881
4/22/2008,1.601
4/23/2008,1.5898
4/24/2008,1.5668
4/25/2008,1.5634
4/28/2008,1.5648
4/29/2008,1.5604
4/30/2008,1.5568
5/1/2008,1.5458
5/2/2008,1.5431
5/5/2008,1.5491
5/6/2008,1.5548
5/7/2008,1.537
5/8/2008,1.5409
5/9/2008,1.5447
5/12/2008,1.5536
5/13/2008,1.5509
5/14/2008,1.5467
5/15/2008,1.5492
5/16/2008,1.5591
5/19/2008,1.5516
5/20/2008,1.5667
5/21/2008,1.5772
5/22/2008,1.5703
5/23/2008,1.5784
5/27/2008,1.5731
5/28/2008,1.5628
5/29/2008,1.5527
5/30/2008,1.556
6/2/2008,1.555
6/3/2008,1.5454
6/4/2008,1.5453
6/5/2008,1.556
6/6/2008,1.5731
6/9/2008,1.5718
6/10/2008,1.5473
6/11/2008,1.5562
6/12/2008,1.5418
6/13/2008,1.5368
6/16/2008,1.5472
6/17/2008,1.5519
6/18/2008,1.5502
6/19/2008,1.5502
6/20/2008,1.5626
6/23/2008,1.5492
6/24/2008,1.5591
6/25/2008,1.557
6/26/2008,1.5738
6/27/2008,1.5749
6/30/2008,1.5748
7/1/2008,1.5778
7/2/2008,1.5869
7/3/2008,1.5708
7/7/2008,1.5646
7/8/2008,1.5653
7/9/2008,1.5744
7/10/2008,1.5771
7/11/2008,1.5898
7/14/2008,1.5914
7/15/2008,1.5923
7/16/2008,1.5847
7/17/2008,1.5861
7/18/2008,1.5855
7/21/2008,1.5877
7/22/2008,1.5811
7/23/2008,1.5708
7/24/2008,1.5657
7/25/2008,1.5687
7/28/2008,1.5747
7/29/2008,1.5588
7/30/2008,1.5559
7/31/2008,1.5589
8/1/2008,1.5567
8/4/2008,1.5569
8/5/2008,1.5468
8/6/2008,1.5409
8/7/2008,1.5341
8/8/2008,1.5047
8/11/2008,1.4958
8/12/2008,1.4905
8/13/2008,1.4895
8/14/2008,1.4856
8/15/2008,1.4695
8/18/2008,1.473
8/19/2008,1.4746
8/20/2008,1.4701
8/21/2008,1.4875
8/22/2008,1.48
8/25/2008,1.4803
8/26/2008,1.466
8/27/2008,1.4684
8/28/2008,1.4685
8/29/2008,1.4669
9/2/2008,1.4522
9/3/2008,1.4489
9/4/2008,1.436
9/5/2008,1.4273
9/8/2008,1.4126
9/9/2008,1.4173
9/10/2008,1.402
9/11/2008,1.3939
9/12/2008,1.4172
9/15/2008,1.4175
9/16/2008,1.4155
9/17/2008,1.4215
9/18/2008,1.4382
9/19/2008,1.4384
9/22/2008,1.4697
9/23/2008,1.4737
9/24/2008,1.4655
9/25/2008,1.4643
9/26/2008,1.4596
9/29/2008,1.4381
9/30/2008,1.4081
10/1/2008,1.4058
10/2/2008,1.3854
10/3/2008,1.3816
10/6/2008,1.3508
10/7/2008,1.3649
10/8/2008,1.368
10/9/2008,1.3646
10/10/2008,1.3471
10/14/2008,1.3658
10/15/2008,1.3567
10/16/2008,1.3416
10/17/2008,1.3462
10/20/2008,1.3314
10/21/2008,1.3102
10/22/2008,1.2835
10/23/2008,1.2878
10/24/2008,1.2639
10/27/2008,1.2446
10/28/2008,1.2476
10/29/2008,1.2851
10/30/2008,1.285
10/31/2008,1.2682
11/3/2008,1.2719
11/4/2008,1.3021
11/5/2008,1.3039
11/6/2008,1.2756
11/7/2008,1.2777
11/10/2008,1.276
11/12/2008,1.2558
11/13/2008,1.2526
11/14/2008,1.2731
11/17/2008,1.2726
11/18/2008,1.269
11/19/2008,1.2595
11/20/2008,1.2525
11/21/2008,1.2531
11/24/2008,1.289
11/25/2008,1.303
11/26/2008,1.2828
11/28/2008,1.2694
12/1/2008,1.2634
12/2/2008,1.2724
12/3/2008,1.2669
12/4/2008,1.284
12/5/2008,1.2654
12/8/2008,1.2942
12/9/2008,1.2937
12/10/2008,1.3024
12/11/2008,1.3294
12/12/2008,1.3349
12/15/2008,1.3664
12/16/2008,1.381
12/17/2008,1.4358
12/18/2008,1.4298
12/19/2008,1.3875
12/22/2008,1.3952
12/23/2008,1.3966
12/24/2008,1.3964
12/26/2008,1.4062
12/29/2008,1.4232
12/30/2008,1.4085
12/31/2008,1.3919
1/2/2009,1.3946
1/5/2009,1.3576
1/6/2009,1.3445
1/7/2009,1.3718
1/8/2009,1.3714
1/9/2009,1.3495
1/12/2009,1.3347
1/13/2009,1.3198
1/14/2009,1.3174
1/15/2009,1.3094
1/16/2009,1.3244
1/20/2009,1.2946
1/21/2009,1.287
1/22/2009,1.2955
1/23/2009,1.2849
1/26/2009,1.3123
1/27/2009,1.3159
1/28/2009,1.3244
1/29/2009,1.2988
1/30/2009,1.2804
2/2/2009,1.2808
2/3/2009,1.301
2/4/2009,1.2857
2/5/2009,1.2838
2/6/2009,1.2874
2/9/2009,1.3064
2/10/2009,1.2966
2/11/2009,1.2893
2/12/2009,1.2822
2/13/2009,1.2879
2/17/2009,1.2571
2/18/2009,1.2547
2/19/2009,1.2675
2/20/2009,1.269
2/23/2009,1.2747
2/24/2009,1.2742
2/25/2009,1.2731
2/26/2009,1.2764
2/27/2009,1.2662
3/2/2009,1.258
3/3/2009,1.2549
3/4/2009,1.2607
3/5/2009,1.2565
3/6/2009,1.2674
3/9/2009,1.2636
3/10/2009,1.2752
3/11/2009,1.2774
3/12/2009,1.2799
3/13/2009,1.2891
3/16/2009,1.2997
3/17/2009,1.2972
3/18/2009,1.311
3/19/2009,1.373
3/20/2009,1.3566
3/23/2009,1.3569
3/24/2009,1.3524
3/25/2009,1.3539
3/26/2009,1.356
3/27/2009,1.3306
3/30/2009,1.3146
3/31/2009,1.3261
4/1/2009,1.3223
4/2/2009,1.3458
4/3/2009,1.3447
4/6/2009,1.3363
4/7/2009,1.3282
4/8/2009,1.3288
4/9/2009,1.3149
4/10/2009,1.3143
4/13/2009,1.3354
4/14/2009,1.3277
4/15/2009,1.3182
4/16/2009,1.3197
4/17/2009,1.303
4/20/2009,1.2903
4/21/2009,1.2978
4/22/2009,1.3012
4/23/2009,1.3048
4/24/2009,1.3277
4/27/2009,1.3136
4/28/2009,1.3061
4/29/2009,1.3324
4/30/2009,1.3244
5/1/2009,1.3267
5/4/2009,1.3365
5/5/2009,1.3375
5/6/2009,1.3313
5/7/2009,1.3411
5/8/2009,1.3494
5/11/2009,1.362
5/12/2009,1.3638
5/13/2009,1.3612
5/14/2009,1.3608
5/15/2009,1.3539
5/18/2009,1.3503
5/19/2009,1.3608
5/20/2009,1.3765
5/21/2009,1.3804
5/22/2009,1.4005
5/26/2009,1.3992
5/27/2009,1.3924
5/28/2009,1.3948
5/29/2009,1.4126
6/1/2009,1.4192
6/2/2009,1.427
6/3/2009,1.4194
6/4/2009,1.4187
6/5/2009,1.399
6/8/2009,1.3884
6/9/2009,1.4014
6/10/2009,1.3983
6/11/2009,1.4093
6/12/2009,1.404
6/15/2009,1.3784
6/16/2009,1.3878
6/17/2009,1.385
6/18/2009,1.3978
6/19/2009,1.3998
6/22/2009,1.3846
6/23/2009,1.4035
6/24/2009,1.4015
6/25/2009,1.3953
6/26/2009,1.4056
6/29/2009,1.4058
6/30/2009,1.402
7/1/2009,1.4186
7/2/2009,1.4018
7/3/2009,1.3991
7/6/2009,1.3938
7/7/2009,1.3965
7/8/2009,1.3852
7/9/2009,1.4026
7/10/2009,1.3926
7/13/2009,1.3973
7/14/2009,1.3971
7/15/2009,1.4116
7/16/2009,1.4115
7/17/2009,1.412
7/20/2009,1.4211
7/21/2009,1.4196
7/22/2009,1.422
7/23/2009,1.4266
7/24/2009,1.4213
7/27/2009,1.4212
7/28/2009,1.4215
7/29/2009,1.4033
7/30/2009,1.4066
7/31/2009,1.4279
8/3/2009,1.4416
8/4/2009,1.44
8/5/2009,1.4391
8/6/2009,1.4357
8/7/2009,1.418
8/10/2009,1.4143
8/11/2009,1.4141
8/12/2009,1.4215
8/13/2009,1.4283
8/14/2009,1.4216
8/17/2009,1.4088
8/18/2009,1.4075
8/19/2009,1.4262
8/20/2009,1.4235
8/21/2009,1.4305
8/24/2009,1.432
8/25/2009,1.435
8/26/2009,1.423
8/27/2009,1.4272
8/28/2009,1.4358
8/31/2009,1.4354
9/1/2009,1.4235
9/2/2009,1.4246
9/3/2009,1.4278
9/4/2009,1.4278
9/8/2009,1.4497
9/9/2009,1.4573
9/10/2009,1.4568
9/11/2009,1.4586
9/14/2009,1.4613
9/15/2009,1.4617
9/16/2009,1.4698
9/17/2009,1.4735
9/18/2009,1.4704
9/21/2009,1.4692
9/22/2009,1.4795
9/23/2009,1.4752
9/24/2009,1.4696
9/25/2009,1.4682
9/28/2009,1.465
9/29/2009,1.4553
9/30/2009,1.463
10/1/2009,1.4532
10/2/2009,1.459
10/5/2009,1.4647
10/6/2009,1.4744
10/7/2009,1.4675
10/8/2009,1.4777
10/9/2009,1.4715
10/13/2009,1.4839
10/14/2009,1.4899
10/15/2009,1.4945
10/16/2009,1.4889
10/19/2009,1.4947
10/20/2009,1.4905
10/21/2009,1.5009
10/22/2009,1.5003
10/23/2009,1.5029
10/26/2009,1.4941
10/27/2009,1.4821
10/28/2009,1.4763
10/29/2009,1.4819
10/30/2009,1.4755
11/2/2009,1.4828
11/3/2009,1.4658
11/4/2009,1.4836
11/5/2009,1.4857
11/6/2009,1.4835
11/9/2009,1.4999
11/10/2009,1.496
11/12/2009,1.4865
11/13/2009,1.4886
11/16/2009,1.4977
11/17/2009,1.483
11/18/2009,1.499
11/19/2009,1.4905
11/20/2009,1.487
11/23/2009,1.4968
11/24/2009,1.4937
11/25/2009,1.5085
11/27/2009,1.4963
11/30/2009,1.4994
12/1/2009,1.51
12/2/2009,1.5059
12/3/2009,1.5081
12/4/2009,1.4885
12/7/2009,1.482
12/8/2009,1.4741
12/9/2009,1.4725
12/10/2009,1.4716
12/11/2009,1.4601
12/14/2009,1.4645
12/15/2009,1.4514
12/16/2009,1.4577
12/17/2009,1.4317
12/18/2009,1.4281
12/21/2009,1.4319
12/22/2009,1.4243
12/23/2009,1.4341
12/24/2009,1.4367
12/28/2009,1.4392
12/29/2009,1.4356
12/30/2009,1.4316
12/31/2009,1.4332
1/4/2010,1.4419
1/5/2010,1.4402
1/6/2010,1.4404
1/7/2010,1.4314
1/8/2010,1.4357
1/11/2010,1.4536
1/12/2010,1.4523
1/13/2010,1.4492
1/14/2010,1.4478
1/15/2010,1.4376
1/19/2010,1.4269
1/20/2010,1.4094
1/21/2010,1.4106
1/22/2010,1.4154
1/25/2010,1.4146
1/26/2010,1.4063
1/27/2010,1.4053
1/28/2010,1.3993
1/29/2010,1.387
2/1/2010,1.3904
2/2/2010,1.3955
2/3/2010,1.3907
2/4/2010,1.3759
2/5/2010,1.3608
2/8/2010,1.3699
2/9/2010,1.3795
2/10/2010,1.3722
2/11/2010,1.364
2/12/2010,1.3625
2/16/2010,1.3742
2/17/2010,1.3623
2/18/2010,1.3563
2/19/2010,1.3538
2/22/2010,1.359
2/23/2010,1.3537
2/24/2010,1.3576
2/25/2010,1.3476
2/26/2010,1.366
3/1/2010,1.3516
3/2/2010,1.3564
3/3/2010,1.3731
3/4/2010,1.3571
3/5/2010,1.3608
3/8/2010,1.3613
3/9/2010,1.3586
3/10/2010,1.3658
3/11/2010,1.3674
3/12/2010,1.3753
3/15/2010,1.3652
3/16/2010,1.3758
3/17/2010,1.3739
3/18/2010,1.3603
3/19/2010,1.353
3/22/2010,1.3531
3/23/2010,1.3535
3/24/2010,1.3347
3/25/2010,1.3344
3/26/2010,1.3398
3/29/2010,1.3465
3/30/2010,1.3409
3/31/2010,1.3526
4/1/2010,1.3569
4/2/2010,1.3487
4/5/2010,1.3486
4/6/2010,1.3378
4/7/2010,1.3364
4/8/2010,1.336
4/9/2010,1.3468
4/12/2010,1.3587
4/13/2010,1.3592
4/14/2010,1.3666
4/15/2010,1.354
4/16/2010,1.3487
4/19/2010,1.3458
4/20/2010,1.3446
4/21/2010,1.3383
4/22/2010,1.3298
4/23/2010,1.336
4/26/2010,1.3336
4/27/2010,1.323
4/28/2010,1.313
4/29/2010,1.3243
4/30/2010,1.3302
5/3/2010,1.3183
5/4/2010,1.3037
5/5/2010,1.289
5/6/2010,1.2689
5/7/2010,1.2721
5/10/2010,1.2861
5/11/2010,1.2715
5/12/2010,1.2642
5/13/2010,1.2568
5/14/2010,1.239
5/17/2010,1.2299
5/18/2010,1.2358
5/19/2010,1.2317
5/20/2010,1.237
5/21/2010,1.2575
5/24/2010,1.2406
5/25/2010,1.2279
5/26/2010,1.2224
5/27/2010,1.237
5/28/2010,1.2369
6/1/2010,1.2266
6/2/2010,1.2206
6/3/2010,1.2193
6/4/2010,1.1998
6/7/2010,1.1959
6/8/2010,1.1995
6/9/2010,1.2045
6/10/2010,1.2111
6/11/2010,1.2077
6/14/2010,1.2277
6/15/2010,1.2327
6/16/2010,1.2323
6/17/2010,1.2365
6/18/2010,1.236
6/21/2010,1.2385
6/22/2010,1.2303
6/23/2010,1.231
6/24/2010,1.2288
6/25/2010,1.2332
6/28/2010,1.2316
6/29/2010,1.2187
6/30/2010,1.2291
7/1/2010,1.2464
7/2/2010,1.2577
7/6/2010,1.2646
7/7/2010,1.2594
7/8/2010,1.2683
7/9/2010,1.2639
7/12/2010,1.2573
7/13/2010,1.2719
7/14/2010,1.2755
7/15/2010,1.2893
7/16/2010,1.2919
7/19/2010,1.2963
7/20/2010,1.2905
7/21/2010,1.2818
7/22/2010,1.2903
7/23/2010,1.2874
7/26/2010,1.2983
7/27/2010,1.2983
7/28/2010,1.2998
7/29/2010,1.3064
7/30/2010,1.3069
8/2/2010,1.3174
8/3/2010,1.3239
8/4/2010,1.3158
8/5/2010,1.3157
8/6/2010,1.3282
8/9/2010,1.3241
8/10/2010,1.3095
8/11/2010,1.2899
8/12/2010,1.2866
8/13/2010,1.2767
8/16/2010,1.2838
8/17/2010,1.289
8/18/2010,1.2872
8/19/2010,1.2837
8/20/2010,1.2687
8/23/2010,1.2663
8/24/2010,1.2675
8/25/2010,1.2652
8/26/2010,1.2717
8/27/2010,1.2765
8/30/2010,1.2686
8/31/2010,1.2704
9/1/2010,1.2813
9/2/2010,1.2824
9/3/2010,1.2885
9/7/2010,1.2723
9/8/2010,1.2727
9/9/2010,1.2708
9/10/2010,1.2731
9/13/2010,1.289
9/14/2010,1.3014
9/15/2010,1.3008
9/16/2010,1.3079
9/17/2010,1.3046
9/20/2010,1.3074
9/21/2010,1.3136
9/22/2010,1.3385
9/23/2010,1.3344
9/24/2010,1.3476
9/27/2010,1.3475
9/28/2010,1.3583
9/29/2010,1.3638
9/30/2010,1.3601
10/1/2010,1.3754
10/4/2010,1.3688
10/5/2010,1.3834
10/6/2010,1.3924
10/7/2010,1.3921
10/8/2010,1.3923
10/12/2010,1.3846
10/13/2010,1.3964
10/14/2010,1.4066
10/15/2010,1.3998
10/18/2010,1.3978
10/19/2010,1.3827
10/20/2010,1.3949
10/21/2010,1.3973
10/22/2010,1.3904
10/25/2010,1.3986
10/26/2010,1.3873
10/27/2010,1.3788
10/28/2010,1.3929
10/29/2010,1.3894
11/1/2010,1.3888
11/2/2010,1.4026
11/3/2010,1.4014
11/4/2010,1.4224
11/5/2010,1.4033
11/8/2010,1.3927
11/9/2010,1.3865
11/10/2010,1.3728
11/12/2010,1.37
11/15/2010,1.3615
11/16/2010,1.3517
11/17/2010,1.3555
11/18/2010,1.3618
11/19/2010,1.3654
11/22/2010,1.3612
11/23/2010,1.3388
11/24/2010,1.335
11/26/2010,1.3243
11/29/2010,1.3092
11/30/2010,1.3036
12/1/2010,1.3149
12/2/2010,1.3228
12/3/2010,1.3367
12/6/2010,1.3275
12/7/2010,1.3323
12/8/2010,1.3242
12/9/2010,1.3206
12/10/2010,1.3242
12/13/2010,1.3389
12/14/2010,1.3395
12/15/2010,1.3306
12/16/2010,1.3206
12/17/2010,1.3155
12/20/2010,1.3124
12/21/2010,1.3131
12/22/2010,1.3089
12/23/2010,1.3101
12/27/2010,1.3146
12/28/2010,1.3122
12/29/2010,1.3183
12/30/2010,1.3269
1/3/2011,1.3371
1/4/2011,1.3306
1/5/2011,1.3171
1/6/2011,1.3027
1/7/2011,1.2944
1/10/2011,1.2945
1/11/2011,1.2978
1/12/2011,1.3066
1/13/2011,1.3364
1/14/2011,1.3328
1/18/2011,1.3399
1/19/2011,1.3495
1/20/2011,1.3443
1/21/2011,1.3581
1/24/2011,1.3653
1/25/2011,1.3644
1/26/2011,1.3688
1/27/2011,1.3688
1/28/2011,1.3607
1/31/2011,1.3715
2/1/2011,1.3793
2/2/2011,1.3779
2/3/2011,1.3654
2/4/2011,1.3584
2/7/2011,1.3557
2/8/2011,1.3687
2/9/2011,1.3688
2/10/2011,1.3637
2/11/2011,1.352
2/14/2011,1.3474
2/15/2011,1.3494
2/16/2011,1.3547
2/17/2011,1.3612
2/18/2011,1.3673
2/22/2011,1.3661
2/23/2011,1.3758
2/24/2011,1.3794
2/25/2011,1.3757
2/28/2011,1.3793
3/1/2011,1.3813
3/2/2011,1.3869
3/3/2011,1.3947
3/4/2011,1.3983
3/7/2011,1.3976
3/8/2011,1.3912
3/9/2011,1.3906
3/10/2011,1.3823
3/11/2011,1.3864
3/14/2011,1.3975
3/15/2011,1.3968
3/16/2011,1.3922
3/17/2011,1.4021
3/18/2011,1.4141
3/21/2011,1.4184
3/22/2011,1.4212
3/23/2011,1.4124
3/24/2011,1.42
3/25/2011,1.4144
3/28/2011,1.4104
3/29/2011,1.409
3/30/2011,1.4095
3/31/2011,1.4183
4/1/2011,1.4215
4/4/2011,1.4221
4/5/2011,1.423
4/6/2011,1.4333
4/7/2011,1.4287
4/8/2011,1.4437
4/11/2011,1.4454
4/12/2011,1.4455
4/13/2011,1.4477
4/14/2011,1.4464
4/15/2011,1.4443
4/18/2011,1.4211
4/19/2011,1.4319
4/20/2011,1.4513
4/21/2011,1.4585
4/22/2011,1.4545
4/25/2011,1.4576
4/26/2011,1.4625
4/27/2011,1.4659
4/28/2011,1.4785
4/29/2011,1.4821
5/2/2011,1.487
5/3/2011,1.4875
5/4/2011,1.4859
5/5/2011,1.4583
5/6/2011,1.4495
5/9/2011,1.4301
5/10/2011,1.4358
5/11/2011,1.4269
5/12/2011,1.4229
5/13/2011,1.4141
5/16/2011,1.4219
5/17/2011,1.4155
5/18/2011,1.427
5/19/2011,1.4254
5/20/2011,1.4172
5/23/2011,1.4015
5/24/2011,1.4107
5/25/2011,1.4102
5/26/2011,1.4088
5/27/2011,1.4287
5/31/2011,1.4376
6/1/2011,1.4431
6/2/2011,1.4426
6/3/2011,1.4604
6/6/2011,1.462
6/7/2011,1.4675
6/8/2011,1.4587
6/9/2011,1.4534
6/10/2011,1.4365
6/13/2011,1.4368
6/14/2011,1.4473
6/15/2011,1.4221
6/16/2011,1.4155
6/17/2011,1.4326
6/20/2011,1.432
6/21/2011,1.4399
6/22/2011,1.4403
6/23/2011,1.4166
6/24/2011,1.4189
6/27/2011,1.4282
6/28/2011,1.4368
6/29/2011,1.4428
6/30/2011,1.4523
7/1/2011,1.4508
7/5/2011,1.447
7/6/2011,1.4329
7/7/2011,1.4349
7/8/2011,1.4251
7/11/2011,1.4034
7/12/2011,1.4014
7/13/2011,1.4167
7/14/2011,1.4182
7/15/2011,1.4156
7/18/2011,1.4042
7/19/2011,1.4156
7/20/2011,1.4188
7/21/2011,1.4372
7/22/2011,1.4366
7/25/2011,1.4357
7/26/2011,1.4495
7/27/2011,1.4373
7/28/2011,1.4303
7/29/2011,1.4388
8/1/2011,1.4202
8/2/2011,1.4232
8/3/2011,1.432
8/4/2011,1.4158
8/5/2011,1.4158
8/8/2011,1.4241
8/9/2011,1.4242
8/10/2011,1.4193
8/11/2011,1.423
8/12/2011,1.4239
8/15/2011,1.4452
8/16/2011,1.4421
8/17/2011,1.4436
8/18/2011,1.432
8/19/2011,1.4408
8/22/2011,1.4384
8/23/2011,1.4431
8/24/2011,1.4402
8/25/2011,1.438
8/26/2011,1.4463
8/29/2011,1.451
8/30/2011,1.4435
8/31/2011,1.4406
9/1/2011,1.4283
9/2/2011,1.4203
9/6/2011,1.3999
9/7/2011,1.4058
9/8/2011,1.3947
9/9/2011,1.3666
9/12/2011,1.3635
9/13/2011,1.368
9/14/2011,1.371
9/15/2011,1.3858
9/16/2011,1.3783
9/19/2011,1.3636
9/20/2011,1.3697
9/21/2011,1.3724
9/22/2011,1.3446
9/23/2011,1.3518
9/26/2011,1.3516
9/27/2011,1.3606
9/28/2011,1.3628
9/29/2011,1.3639
9/30/2011,1.3449
10/3/2011,1.3281
10/4/2011,1.3294
10/5/2011,1.3328
10/6/2011,1.3408
10/7/2011,1.3512
10/11/2011,1.3657
10/12/2011,1.3805
10/13/2011,1.373
10/14/2011,1.3861
10/17/2011,1.377
10/18/2011,1.3719
10/19/2011,1.3775
10/20/2011,1.3672
10/21/2011,1.3873
10/24/2011,1.3932
10/25/2011,1.3911
10/26/2011,1.3838
10/27/2011,1.4172
10/28/2011,1.4164
10/31/2011,1.3947
11/1/2011,1.3676
11/2/2011,1.3803
11/3/2011,1.3744
11/4/2011,1.3761
11/7/2011,1.3744
11/8/2011,1.3785
11/9/2011,1.3596
11/10/2011,1.36
11/14/2011,1.3625
11/15/2011,1.3524
11/16/2011,1.3505
11/17/2011,1.3522
11/18/2011,1.3521
11/21/2011,1.3525
11/22/2011,1.35
11/23/2011,1.3347
11/25/2011,1.3244
11/28/2011,1.3334
11/29/2011,1.3343
11/30/2011,1.3453
12/1/2011,1.3487
12/2/2011,1.3386
12/5/2011,1.3463
12/6/2011,1.3397
12/7/2011,1.3386
12/8/2011,1.3324
12/9/2011,1.3368
12/12/2011,1.3188
12/13/2011,1.3094
12/14/2011,1.2972
12/15/2011,1.3013
12/16/2011,1.3025
12/19/2011,1.3017
12/20/2011,1.3076
12/21/2011,1.304
12/22/2011,1.3045
12/23/2011,1.304
12/27/2011,1.3074
12/28/2011,1.2926
12/29/2011,1.2952
12/30/2011,1.2973
1/3/2012,1.3061
1/4/2012,1.293
1/5/2012,1.2783
1/6/2012,1.2723
1/9/2012,1.2745
1/10/2012,1.2782
1/11/2012,1.2686
1/12/2012,1.2818
1/13/2012,1.2682
1/17/2012,1.274
1/18/2012,1.2825
1/19/2012,1.2937
1/20/2012,1.2948
1/23/2012,1.3035
1/24/2012,1.3004
1/25/2012,1.2978
1/26/2012,1.3152
1/27/2012,1.3192
1/30/2012,1.3123
1/31/2012,1.3053
2/1/2012,1.3179
2/2/2012,1.3167
2/3/2012,1.3106
2/6/2012,1.313
2/7/2012,1.3244
2/8/2012,1.3253
2/9/2012,1.3297
2/10/2012,1.3187
2/13/2012,1.3211
2/14/2012,1.3149
2/15/2012,1.3087
2/16/2012,1.311
2/17/2012,1.3149
2/21/2012,1.3255
2/22/2012,1.3251
2/23/2012,1.3308
2/24/2012,1.3463
2/27/2012,1.341
2/28/2012,1.3452
2/29/2012,1.3359
3/1/2012,1.332
3/2/2012,1.3202
3/5/2012,1.3226
3/6/2012,1.3114
3/7/2012,1.3149
3/8/2012,1.3256
3/9/2012,1.3108
3/12/2012,1.3141
3/13/2012,1.3109
3/14/2012,1.3025
3/15/2012,1.307
3/16/2012,1.3171
3/19/2012,1.3242
3/20/2012,1.3222
3/21/2012,1.319
3/22/2012,1.3194
3/23/2012,1.3263
3/26/2012,1.3328
3/27/2012,1.3336
3/28/2012,1.33
3/29/2012,1.3265
3/30/2012,1.3334
4/2/2012,1.3325
4/3/2012,1.3337
4/4/2012,1.3126
4/5/2012,1.3064
4/6/2012,1.3089
4/9/2012,1.3087
4/10/2012,1.3068
4/11/2012,1.3104
4/12/2012,1.3171
4/13/2012,1.3082
4/16/2012,1.3067
4/17/2012,1.3123
4/18/2012,1.3122
4/19/2012,1.3132
4/20/2012,1.3212
4/23/2012,1.3129
4/24/2012,1.3207
4/25/2012,1.321
4/26/2012,1.3232
4/27/2012,1.3248
4/30/2012,1.3229
5/1/2012,1.3226
5/2/2012,1.3154
5/3/2012,1.3147
5/4/2012,1.3091
5/7/2012,1.3052
5/8/2012,1.3015
5/9/2012,1.2954
5/10/2012,1.2959
5/11/2012,1.2937
5/14/2012,1.2847
5/15/2012,1.2769
5/16/2012,1.273
5/17/2012,1.2709
5/18/2012,1.2721
5/21/2012,1.2769
5/22/2012,1.2735
5/23/2012,1.2569
5/24/2012,1.2583
5/25/2012,1.2518
5/29/2012,1.2488
5/30/2012,1.2405
5/31/2012,1.2364
6/1/2012,1.242
6/4/2012,1.2495
6/5/2012,1.2437
6/6/2012,1.2535
6/7/2012,1.2568
6/8/2012,1.2482
6/11/2012,1.2504
6/12/2012,1.2477
6/13/2012,1.2596
6/14/2012,1.2608
6/15/2012,1.2633
6/18/2012,1.2578
6/19/2012,1.2692
6/20/2012,1.2703
6/21/2012,1.2586
6/22/2012,1.2545
6/25/2012,1.248
6/26/2012,1.2471
6/27/2012,1.2457
6/28/2012,1.2433
6/29/2012,1.2668
7/2/2012,1.2584
7/3/2012,1.262
7/5/2012,1.2384
7/6/2012,1.2283
7/9/2012,1.2299
7/10/2012,1.2255
7/11/2012,1.2244
7/12/2012,1.2199
7/13/2012,1.2232
7/16/2012,1.2267
7/17/2012,1.2234
7/18/2012,1.2261
7/19/2012,1.2257
7/20/2012,1.2176
7/23/2012,1.2126
7/24/2012,1.2062
7/25/2012,1.2132
7/26/2012,1.228
7/27/2012,1.237
7/30/2012,1.225
7/31/2012,1.2315
8/1/2012,1.2299
8/2/2012,1.2149
8/3/2012,1.239
8/6/2012,1.2422
8/7/2012,1.2422
8/8/2012,1.2364
8/9/2012,1.2278
8/10/2012,1.2298
8/13/2012,1.2339
8/14/2012,1.2329
8/15/2012,1.2288
8/16/2012,1.2356
8/17/2012,1.2315
8/20/2012,1.2343
8/21/2012,1.2472
8/22/2012,1.2472
8/23/2012,1.2583
8/24/2012,1.2533
8/27/2012,1.2514
8/28/2012,1.2564
8/29/2012,1.2538
8/30/2012,1.2497
8/31/2012,1.2578
9/4/2012,1.2566
9/5/2012,1.2603
9/6/2012,1.2626
9/7/2012,1.2796
9/10/2012,1.2795
9/11/2012,1.2858
9/12/2012,1.2894
9/13/2012,1.2912
9/14/2012,1.3142
9/17/2012,1.3125
9/18/2012,1.3051
9/19/2012,1.3065
9/20/2012,1.2948
9/21/2012,1.299
9/24/2012,1.2909
9/25/2012,1.2945
9/26/2012,1.2852
9/27/2012,1.2874
9/28/2012,1.2856
10/1/2012,1.29
10/2/2012,1.2951
10/3/2012,1.2909
10/4/2012,1.3001
10/5/2012,1.3059
10/9/2012,1.2876
10/10/2012,1.2888
10/11/2012,1.2928
10/12/2012,1.2946
10/15/2012,1.295
10/16/2012,1.3036
10/17/2012,1.3133
10/18/2012,1.3106
10/19/2012,1.3022
10/22/2012,1.3063
10/23/2012,1.2971
10/24/2012,1.2946
10/25/2012,1.2958
10/26/2012,1.2938
10/29/2012,1.2906
10/30/2012,1.2979
10/31/2012,1.2958
11/1/2012,1.2937
11/2/2012,1.2848
11/5/2012,1.279
11/6/2012,1.2818
11/7/2012,1.2759
11/8/2012,1.274
11/9/2012,1.2715
11/13/2012,1.2716
11/14/2012,1.274
11/15/2012,1.2783
11/16/2012,1.2715
11/19/2012,1.2806
11/20/2012,1.2814
11/21/2012,1.2816
11/23/2012,1.2959
11/26/2012,1.2966
11/27/2012,1.294
11/28/2012,1.2923
11/29/2012,1.2953
11/30/2012,1.301
12/3/2012,1.3066
12/4/2012,1.3081
12/5/2012,1.3077
12/6/2012,1.2968
12/7/2012,1.2942
12/10/2012,1.293
12/11/2012,1.2992
12/12/2012,1.3038
12/13/2012,1.3077
12/14/2012,1.3134
12/17/2012,1.3169
12/18/2012,1.3224
12/19/2012,1.326
12/20/2012,1.3224
12/21/2012,1.3166
12/24/2012,1.3179
12/26/2012,1.3228
12/27/2012,1.3228
12/28/2012,1.322
12/31/2012,1.3186
1/2/2013,1.3195
1/3/2013,1.311
1/4/2013,1.3047
1/7/2013,1.3099
1/8/2013,1.3068
1/9/2013,1.3078
1/10/2013,1.322
1/11/2013,1.3353
1/14/2013,1.3369
1/15/2013,1.3342
1/16/2013,1.3305
1/17/2013,1.3356
1/18/2013,1.3303
1/22/2013,1.3304
1/23/2013,1.3308
1/24/2013,1.3378
1/25/2013,1.3456
1/28/2013,1.3459
1/29/2013,1.3484
1/30/2013,1.3564
1/31/2013,1.3584
2/1/2013,1.3692
2/4/2013,1.3527
2/5/2013,1.3569
2/6/2013,1.3528
2/7/2013,1.3382
2/8/2013,1.3366
2/11/2013,1.3414
2/12/2013,1.345
2/13/2013,1.3448
2/14/2013,1.3334
2/15/2013,1.3362
2/19/2013,1.3387
2/20/2013,1.335
2/21/2013,1.3204
2/22/2013,1.3166
2/25/2013,1.3172
2/26/2013,1.3054
2/27/2013,1.3104
2/28/2013,1.3079
3/1/2013,1.2988
3/4/2013,1.2996
3/5/2013,1.3019
3/6/2013,1.299
3/7/2013,1.3098
3/8/2013,1.2992
3/11/2013,1.3014
3/12/2013,1.3023
3/13/2013,1.2949
3/14/2013,1.2974
3/15/2013,1.3076
3/18/2013,1.2956
3/19/2013,1.2888
3/20/2013,1.295
3/21/2013,1.2928
3/22/2013,1.2996
3/25/2013,1.2881
3/26/2013,1.2858
3/27/2013,1.2782
3/28/2013,1.2842
3/29/2013,1.2816
4/1/2013,1.2857
4/2/2013,1.2836
4/3/2013,1.2847
4/4/2013,1.2854
4/5/2013,1.3027
4/8/2013,1.3008
4/9/2013,1.3092
4/10/2013,1.306
4/11/2013,1.3124
4/12/2013,1.3094
4/15/2013,1.3082
4/16/2013,1.3141
4/17/2013,1.3049
4/18/2013,1.3072
4/19/2013,1.3066
4/22/2013,1.305
4/23/2013,1.3012
4/24/2013,1.2997
4/25/2013,1.3004
4/26/2013,1.3024
4/29/2013,1.309
4/30/2013,1.3168
5/1/2013,1.3192
5/2/2013,1.3066
5/3/2013,1.3112
5/6/2013,1.3067
5/7/2013,1.3085
5/8/2013,1.3177
5/9/2013,1.3105
5/10/2013,1.2955
5/13/2013,1.2981
5/14/2013,1.2969
5/15/2013,1.2857
5/16/2013,1.2898
5/17/2013,1.2818
5/20/2013,1.2865
5/21/2013,1.291
5/22/2013,1.2864
5/23/2013,1.2944
5/24/2013,1.292
5/28/2013,1.287
5/29/2013,1.2944
5/30/2013,1.3042
5/31/2013,1.2988
6/3/2013,1.3098
6/4/2013,1.3075
6/5/2013,1.3088
6/6/2013,1.3248
6/7/2013,1.3242
6/10/2013,1.3234
6/11/2013,1.3278
6/12/2013,1.3354
6/13/2013,1.3314
6/14/2013,1.333
6/17/2013,1.3341
6/18/2013,1.3407
6/19/2013,1.3404
6/20/2013,1.3214
6/21/2013,1.3113
6/24/2013,1.3091
6/25/2013,1.308
6/26/2013,1.3006
6/27/2013,1.3016
6/28/2013,1.301
7/1/2013,1.306
7/2/2013,1.3017
7/3/2013,1.3005
7/5/2013,1.2831
7/8/2013,1.2863
7/9/2013,1.2774
7/10/2013,1.2846
7/11/2013,1.3046
7/12/2013,1.3048
7/15/2013,1.3039
7/16/2013,1.3144
7/17/2013,1.3094
7/18/2013,1.3078
7/19/2013,1.3142
7/22/2013,1.3193
7/23/2013,1.3212
7/24/2013,1.3228
7/25/2013,1.3234
7/26/2013,1.3269
7/29/2013,1.3262
7/30/2013,1.3266
7/31/2013,1.3282
8/1/2013,1.3217
8/2/2013,1.3268
8/5/2013,1.3257
8/6/2013,1.3296
8/7/2013,1.3329
8/8/2013,1.3392
8/9/2013,1.3338
8/12/2013,1.3312
8/13/2013,1.3247
8/14/2013,1.3256
8/15/2013,1.3263
8/16/2013,1.3321
8/19/2013,1.3348
8/20/2013,1.3426
8/21/2013,1.3368
8/22/2013,1.3362
8/23/2013,1.3392
8/26/2013,1.3369
8/27/2013,1.3387
8/28/2013,1.3326
8/29/2013,1.3228
8/30/2013,1.3196
9/3/2013,1.3164
9/4/2013,1.3212
9/5/2013,1.312
9/6/2013,1.3166
9/9/2013,1.326
9/10/2013,1.326
9/11/2013,1.3301
9/12/2013,1.3315
9/13/2013,1.3276
9/16/2013,1.335
9/17/2013,1.3357
9/18/2013,1.3351
9/19/2013,1.3527
9/20/2013,1.3522
9/23/2013,1.352
9/24/2013,1.349
9/25/2013,1.3536
9/26/2013,1.3484
9/27/2013,1.3537
9/30/2013,1.3535
10/1/2013,1.3534
10/2/2013,1.3592
10/3/2013,1.3642
10/4/2013,1.3582
10/7/2013,1.3569
10/8/2013,1.3582
10/9/2013,1.3513
10/10/2013,1.3535
10/11/2013,1.3559
10/15/2013,1.3494
10/16/2013,1.349
10/17/2013,1.3664
10/18/2013,1.3693
10/21/2013,1.3672
10/22/2013,1.3778
10/23/2013,1.3786
10/24/2013,1.381
10/25/2013,1.3794
10/28/2013,1.3786
10/29/2013,1.377
10/30/2013,1.3771
10/31/2013,1.3594
11/1/2013,1.3488
11/4/2013,1.3516
11/5/2013,1.347
11/6/2013,1.353
11/7/2013,1.339
11/8/2013,1.3357
11/12/2013,1.3428
11/13/2013,1.3456
11/14/2013,1.3468
11/15/2013,1.348
11/18/2013,1.352
11/19/2013,1.3529
11/20/2013,1.3451
11/21/2013,1.347
11/22/2013,1.3547
11/25/2013,1.3502
11/26/2013,1.3555
11/27/2013,1.3563
11/29/2013,1.3606
12/2/2013,1.3552
12/3/2013,1.3604
12/4/2013,1.3555
12/5/2013,1.3664
12/6/2013,1.369
12/9/2013,1.3726
12/10/2013,1.3765
12/11/2013,1.3798
12/12/2013,1.3752
12/13/2013,1.3724
12/16/2013,1.3757
12/17/2013,1.3748
12/18/2013,1.3766
12/19/2013,1.3666
12/20/2013,1.3673
12/23/2013,1.3701
12/24/2013,1.3676
12/26/2013,1.369
12/27/2013,1.3766
12/30/2013,1.3816
12/31/2013,1.3779
1/2/2014,1.367
1/3/2014,1.3606
1/6/2014,1.3636
1/7/2014,1.3618
1/8/2014,1.3586
1/9/2014,1.3591
1/10/2014,1.3664
1/13/2014,1.3647
1/14/2014,1.3682
1/15/2014,1.3604
1/16/2014,1.36
1/17/2014,1.3554
1/21/2014,1.356
1/22/2014,1.3546
1/23/2014,1.368
1/24/2014,1.368
1/27/2014,1.3679
1/28/2014,1.3662
1/29/2014,1.3663
1/30/2014,1.3549
1/31/2014,1.35
2/3/2014,1.3523
2/4/2014,1.3507
2/5/2014,1.3519
2/6/2014,1.3604
2/7/2014,1.3614
2/10/2014,1.3644
2/11/2014,1.3654
2/12/2014,1.3592
2/13/2014,1.3669
2/14/2014,1.369
2/18/2014,1.3758
2/19/2014,1.3762
2/20/2014,1.369
2/21/2014,1.3722
2/24/2014,1.3744
2/25/2014,1.3749
2/26/2014,1.3668
2/27/2014,1.3724
2/28/2014,1.3806
3/3/2014,1.3763
3/4/2014,1.3731
3/5/2014,1.3734
3/6/2014,1.3848
3/7/2014,1.3868
3/10/2014,1.388
3/11/2014,1.3867
3/12/2014,1.3904
3/13/2014,1.3927
3/14/2014,1.3924
3/17/2014,1.3927
3/18/2014,1.3913
3/19/2014,1.391
3/20/2014,1.3784
3/21/2014,1.3783
3/24/2014,1.3784
3/25/2014,1.3777
3/26/2014,1.3786
3/27/2014,1.3752
3/28/2014,1.3753
3/31/2014,1.3777
4/1/2014,1.3804
4/2/2014,1.3761
4/3/2014,1.3708
4/4/2014,1.3704
4/7/2014,1.3745
4/8/2014,1.3802
4/9/2014,1.3816
4/10/2014,1.3892
4/11/2014,1.3898
4/14/2014,1.3824
4/15/2014,1.3806
4/16/2014,1.382
4/17/2014,1.3832
4/18/2014,1.3816
4/21/2014,1.379
4/22/2014,1.3804
4/23/2014,1.3814
4/24/2014,1.3828
4/25/2014,1.3838
4/28/2014,1.3844
4/29/2014,1.3808
4/30/2014,1.387
5/1/2014,1.3867
5/2/2014,1.3864
5/5/2014,1.3884
5/6/2014,1.3924
5/7/2014,1.3917
5/8/2014,1.3864
5/9/2014,1.3763
5/12/2014,1.376
5/13/2014,1.3711
5/14/2014,1.3718
5/15/2014,1.3712
5/16/2014,1.3708
5/19/2014,1.3716
5/20/2014,1.3702
5/21/2014,1.3657
5/22/2014,1.3652
5/23/2014,1.3628
5/27/2014,1.3618
5/28/2014,1.3596
5/29/2014,1.3608
5/30/2014,1.364
6/2/2014,1.3606
6/3/2014,1.3624
6/4/2014,1.3619
6/5/2014,1.3618
6/6/2014,1.3639
6/9/2014,1.3589
6/10/2014,1.3543
6/11/2014,1.3532
6/12/2014,1.3556
6/13/2014,1.3522
6/16/2014,1.3578
6/17/2014,1.3543
6/18/2014,1.3567
6/19/2014,1.362
6/20/2014,1.3586
6/23/2014,1.3593
6/24/2014,1.3588
6/25/2014,1.3638
6/26/2014,1.361
6/27/2014,1.3631
6/30/2014,1.369
7/1/2014,1.3681
7/2/2014,1.3656
7/3/2014,1.361
7/7/2014,1.3604
7/8/2014,1.3614
7/9/2014,1.363
7/10/2014,1.36
7/11/2014,1.3598
7/14/2014,1.362
7/15/2014,1.3573
7/16/2014,1.353
7/17/2014,1.353
7/18/2014,1.3515
7/21/2014,1.3524
7/22/2014,1.347
7/23/2014,1.3462
7/24/2014,1.3468
7/25/2014,1.3431
7/28/2014,1.344
7/29/2014,1.341
7/30/2014,1.3378
7/31/2014,1.339
8/1/2014,1.3436
8/4/2014,1.3414
8/5/2014,1.3366
8/6/2014,1.3355
8/7/2014,1.3362
8/8/2014,1.3412
8/11/2014,1.3385
8/12/2014,1.3357
8/13/2014,1.3367
8/14/2014,1.3376
8/15/2014,1.3392
8/18/2014,1.3358
8/19/2014,1.332
8/20/2014,1.3284
8/21/2014,1.3284
8/22/2014,1.3237
8/25/2014,1.3206
8/26/2014,1.3189
8/27/2014,1.3192
8/28/2014,1.3178
8/29/2014,1.315
9/2/2014,1.3124
9/3/2014,1.3136
9/4/2014,1.2926
9/5/2014,1.2956
9/8/2014,1.2948
9/9/2014,1.2909
9/10/2014,1.2908
9/11/2014,1.2936
9/12/2014,1.2955
9/15/2014,1.2951
9/16/2014,1.2976
9/17/2014,1.2958
9/18/2014,1.2913
9/19/2014,1.2835
9/22/2014,1.2829
9/23/2014,1.2858
9/24/2014,1.2788
9/25/2014,1.2748
9/26/2014,1.2686
9/29/2014,1.2703
9/30/2014,1.2628
10/1/2014,1.2618
10/2/2014,1.267
10/3/2014,1.2517
10/6/2014,1.2592
10/7/2014,1.2626
10/8/2014,1.2683
10/9/2014,1.2683
10/10/2014,1.2636
10/14/2014,1.266
10/15/2014,1.2778
10/16/2014,1.2812
10/17/2014,1.2755
10/20/2014,1.2783
10/21/2014,1.2724
10/22/2014,1.2658
10/23/2014,1.2658
10/24/2014,1.2675
10/27/2014,1.2712
10/28/2014,1.2747
10/29/2014,1.2762
10/30/2014,1.2622
10/31/2014,1.253
11/3/2014,1.2487
11/4/2014,1.2554
11/5/2014,1.2488
11/6/2014,1.2414
11/7/2014,1.2422
11/10/2014,1.2425
11/12/2014,1.2456
11/13/2014,1.2476
11/14/2014,1.2494
11/17/2014,1.2447
11/18/2014,1.2534
11/19/2014,1.2548
11/20/2014,1.2526
11/21/2014,1.2394
11/24/2014,1.2427
11/25/2014,1.2472
11/26/2014,1.2503
11/28/2014,1.2438
12/1/2014,1.249
12/2/2014,1.239
12/3/2014,1.2304
12/4/2014,1.2432
12/5/2014,1.2304
12/8/2014,1.2292
12/9/2014,1.2415
12/10/2014,1.2425
12/11/2014,1.2397
12/12/2014,1.2484
12/15/2014,1.247
12/16/2014,1.2504
12/17/2014,1.2406
12/18/2014,1.2291
12/19/2014,1.2235
12/22/2014,1.2252
12/23/2014,1.218
12/24/2014,1.2188
12/29/2014,1.2179
12/30/2014,1.2174
12/31/2014,1.2101
1/2/2015,1.2015
1/5/2015,1.1918
1/6/2015,1.1936
1/7/2015,1.182
1/8/2015,1.1811
1/9/2015,1.183
1/12/2015,1.1832
1/13/2015,1.1779
1/14/2015,1.1806
1/15/2015,1.1598
1/16/2015,1.1517
1/20/2015,1.1559
1/21/2015,1.1584
1/22/2015,1.1414
1/23/2015,1.1279
1/26/2015,1.129
1/27/2015,1.137
1/28/2015,1.1342
1/29/2015,1.1308
1/30/2015,1.129
2/2/2015,1.1337
2/3/2015,1.1462
2/4/2015,1.1418
2/5/2015,1.1432
2/6/2015,1.133
2/9/2015,1.1316
2/10/2015,1.1316
2/11/2015,1.13
2/12/2015,1.141
2/13/2015,1.1408
2/17/2015,1.1395
2/18/2015,1.1342
2/19/2015,1.1392
2/20/2015,1.1372
2/23/2015,1.1346
2/24/2015,1.1307
2/25/2015,1.1363
2/26/2015,1.1212
2/27/2015,1.1197
3/2/2015,1.119
3/3/2015,1.1212
3/4/2015,1.107
3/5/2015,1.1006
3/6/2015,1.0855
3/9/2015,1.0846
3/10/2015,1.0707
3/11/2015,1.0576
3/12/2015,1.0615
3/13/2015,1.0524
3/16/2015,1.0575
3/17/2015,1.0605
3/18/2015,1.0643
3/19/2015,1.0621
3/20/2015,1.0792
3/23/2015,1.0928
3/24/2015,1.0908
3/25/2015,1.0986
3/26/2015,1.0919
3/27/2015,1.0891
3/30/2015,1.0818
3/31/2015,1.0741
4/1/2015,1.0768
4/2/2015,1.0874
4/3/2015,1.099
4/6/2015,1.1008
4/7/2015,1.085
4/8/2015,1.0818
4/9/2015,1.0671
4/10/2015,1.0598
4/13/2015,1.0582
4/14/2015,1.0672
4/15/2015,1.0596
4/16/2015,1.0742
4/17/2015,1.078
4/20/2015,1.0763
4/21/2015,1.0758
4/22/2015,1.0729
4/23/2015,1.0803
4/24/2015,1.0876
4/27/2015,1.0892
4/28/2015,1.0979
4/29/2015,1.1174
4/30/2015,1.1162
5/1/2015,1.1194
5/4/2015,1.1145
5/5/2015,1.1174
5/6/2015,1.1345
5/7/2015,1.1283
5/8/2015,1.1241
5/11/2015,1.1142
5/12/2015,1.124
5/13/2015,1.1372
5/14/2015,1.1368
5/15/2015,1.1428
5/18/2015,1.1354
5/19/2015,1.1151
5/20/2015,1.1079
5/21/2015,1.1126
5/22/2015,1.1033
5/26/2015,1.0876
5/27/2015,1.0888
5/28/2015,1.0914
5/29/2015,1.0994
6/1/2015,1.0913
6/2/2015,1.113
6/3/2015,1.1285
6/4/2015,1.1271
6/5/2015,1.1108
6/8/2015,1.1232
6/9/2015,1.1284
6/10/2015,1.1307
6/11/2015,1.1236
6/12/2015,1.1278
6/15/2015,1.1266
6/16/2015,1.1238
6/17/2015,1.1244
6/18/2015,1.1404
6/19/2015,1.1335
6/22/2015,1.1378
6/23/2015,1.119
6/24/2015,1.1178
6/25/2015,1.1196
6/26/2015,1.1156
6/29/2015,1.118
6/30/2015,1.1154
7/1/2015,1.1084
7/2/2015,1.109
7/6/2015,1.1076
7/7/2015,1.0952
7/8/2015,1.1072
7/9/2015,1.1025
7/10/2015,1.115
7/13/2015,1.102
7/14/2015,1.1015
7/15/2015,1.0965
7/16/2015,1.0898
7/17/2015,1.0848
7/20/2015,1.085
7/21/2015,1.0927
7/22/2015,1.0884
7/23/2015,1.0976
7/24/2015,1.0976
7/27/2015,1.1112
7/28/2015,1.1055
7/29/2015,1.1026
7/30/2015,1.0914
7/31/2015,1.1028
8/3/2015,1.0962
8/4/2015,1.0953
8/5/2015,1.0868
8/6/2015,1.0922
8/7/2015,1.0958
8/10/2015,1.0994
8/11/2015,1.1042
8/12/2015,1.1198
8/13/2015,1.1144
8/14/2015,1.111
8/17/2015,1.1078
8/18/2015,1.1028
8/19/2015,1.1061
8/20/2015,1.12
8/21/2015,1.1356
8/24/2015,1.158
8/25/2015,1.141
8/26/2015,1.139
8/27/2015,1.1239
8/28/2015,1.1172
8/31/2015,1.1194
9/1/2015,1.1263
9/2/2015,1.1242
9/3/2015,1.1104
9/4/2015,1.1117
9/8/2015,1.1182
9/9/2015,1.1165
9/10/2015,1.1262
9/11/2015,1.1338
9/14/2015,1.1307
9/15/2015,1.126
9/16/2015,1.1304
9/17/2015,1.1312
9/18/2015,1.1358
9/21/2015,1.1204
9/22/2015,1.1133
9/23/2015,1.116
9/24/2015,1.1252
9/25/2015,1.1192
9/28/2015,1.1236
9/29/2015,1.1246
9/30/2015,1.1162
10/1/2015,1.12
10/2/2015,1.1276
10/5/2015,1.12
10/6/2015,1.1266
10/7/2015,1.1249
10/8/2015,1.1282
10/9/2015,1.1363
10/13/2015,1.1382
10/14/2015,1.1437
10/15/2015,1.1418
10/16/2015,1.136
10/19/2015,1.132
10/20/2015,1.1359
10/21/2015,1.1345
10/22/2015,1.114
10/23/2015,1.1016
10/26/2015,1.1051
10/27/2015,1.1052
10/28/2015,1.1066
10/29/2015,1.0963
10/30/2015,1.1042
11/2/2015,1.1026
11/3/2015,1.0946
11/4/2015,1.0861
11/5/2015,1.0869
11/6/2015,1.0746
11/9/2015,1.0767
11/10/2015,1.0686
11/12/2015,1.0768
11/13/2015,1.0722
11/16/2015,1.0708
11/17/2015,1.0634
11/18/2015,1.0638
11/19/2015,1.0746
11/20/2015,1.066
11/23/2015,1.0602
11/24/2015,1.0652
11/25/2015,1.0616
11/27/2015,1.0596
11/30/2015,1.0562
12/1/2015,1.062
12/2/2015,1.0573
12/3/2015,1.0902
12/4/2015,1.0884
12/7/2015,1.084
12/8/2015,1.0876
12/9/2015,1.0984
12/10/2015,1.0948
12/11/2015,1.1002
12/14/2015,1.1025
12/15/2015,1.0911
12/16/2015,1.0937
12/17/2015,1.0804
12/18/2015,1.0847
12/21/2015,1.092
12/22/2015,1.0978
12/23/2015,1.0875
12/24/2015,1.0955
12/28/2015,1.0983
12/29/2015,1.0916
12/30/2015,1.0912
12/31/2015,1.0859
1/4/2016,1.0803
1/5/2016,1.0743
1/6/2016,1.0762
1/7/2016,1.086
1/8/2016,1.0885
1/11/2016,1.0878
1/12/2016,1.0837
1/13/2016,1.0862
1/14/2016,1.0862
1/15/2016,1.0964
1/19/2016,1.0906
1/20/2016,1.0908
1/21/2016,1.0833
1/22/2016,1.0814
1/25/2016,1.0832
1/26/2016,1.0846
1/27/2016,1.0867
1/28/2016,1.0952
1/29/2016,1.0832
2/1/2016,1.0888
2/2/2016,1.0908
2/3/2016,1.1051
2/4/2016,1.1199
2/5/2016,1.1131
2/8/2016,1.117
2/9/2016,1.13
2/10/2016,1.1222
2/11/2016,1.1362
2/12/2016,1.1235
2/16/2016,1.114
2/17/2016,1.114
2/18/2016,1.1092
2/19/2016,1.1127
2/22/2016,1.1018
2/23/2016,1.1016
2/24/2016,1.1021
2/25/2016,1.1026
2/26/2016,1.0932
2/29/2016,1.0868
3/1/2016,1.0847
3/2/2016,1.0845
3/3/2016,1.0948
3/4/2016,1.101
3/7/2016,1.1004
3/8/2016,1.1028
3/9/2016,1.1022
3/10/2016,1.1162
3/11/2016,1.118
3/14/2016,1.1107
3/15/2016,1.1112
3/16/2016,1.1075
3/17/2016,1.1316
3/18/2016,1.1292
3/21/2016,1.126
3/22/2016,1.1228
3/23/2016,1.1174
3/24/2016,1.1163
3/25/2016,1.1164
3/28/2016,1.121
3/29/2016,1.1204
3/30/2016,1.133
3/31/2016,1.139
4/1/2016,1.1385
4/4/2016,1.1386
4/5/2016,1.1374
4/6/2016,1.143
4/7/2016,1.1386
4/8/2016,1.1406
4/11/2016,1.1412
4/12/2016,1.1395
4/13/2016,1.1281
4/14/2016,1.1262
4/15/2016,1.1295
4/18/2016,1.1322
4/19/2016,1.1375
4/20/2016,1.133
4/21/2016,1.1301
4/22/2016,1.1239
4/25/2016,1.1274
4/26/2016,1.1318
4/27/2016,1.1322
4/28/2016,1.1325
4/29/2016,1.1441
5/2/2016,1.1516
5/3/2016,1.1508
5/4/2016,1.1486
5/5/2016,1.1404
5/6/2016,1.1421
5/9/2016,1.1402
5/10/2016,1.1386
5/11/2016,1.1444
5/12/2016,1.138
5/13/2016,1.1294
5/16/2016,1.1328
5/17/2016,1.1337
5/18/2016,1.1276
5/19/2016,1.1214
5/20/2016,1.1207
5/23/2016,1.1192
5/24/2016,1.1145
5/25/2016,1.1154
5/26/2016,1.1184
5/27/2016,1.114
5/31/2016,1.1135
6/1/2016,1.1165
6/2/2016,1.1157
6/3/2016,1.133
6/6/2016,1.1354
6/7/2016,1.135
6/8/2016,1.14
6/9/2016,1.1329
6/10/2016,1.1281
6/13/2016,1.1282
6/14/2016,1.1206
6/15/2016,1.1239
6/16/2016,1.1158
6/17/2016,1.1256
6/20/2016,1.1318
6/21/2016,1.1262
6/22/2016,1.1286
6/23/2016,1.1373
6/24/2016,1.1126
6/27/2016,1.1024
6/28/2016,1.1054
6/29/2016,1.1117
6/30/2016,1.1032
7/1/2016,1.1145
7/5/2016,1.108
7/6/2016,1.1077
7/7/2016,1.1065
7/8/2016,1.1038
7/11/2016,1.1045
7/12/2016,1.1074
7/13/2016,1.1112
7/14/2016,1.1109
7/15/2016,1.1059
7/18/2016,1.1076
7/19/2016,1.1014
7/20/2016,1.1007
7/21/2016,1.1016
7/22/2016,1.0968
7/25/2016,1.098
7/26/2016,1.0984
7/27/2016,1.0988
7/28/2016,1.1094
7/29/2016,1.1168
8/1/2016,1.1176
8/2/2016,1.1225
8/3/2016,1.117
8/4/2016,1.1134
8/5/2016,1.108
8/8/2016,1.1078
8/9/2016,1.111
8/10/2016,1.1171
8/11/2016,1.1168
8/12/2016,1.1172
8/15/2016,1.1199
8/16/2016,1.1277
8/17/2016,1.1263
8/18/2016,1.1334
8/19/2016,1.1326
8/22/2016,1.1314
8/23/2016,1.1308
8/24/2016,1.1256
8/25/2016,1.1274
8/26/2016,1.1237
8/29/2016,1.1182
8/30/2016,1.115
8/31/2016,1.1146
9/1/2016,1.1194
9/2/2016,1.1158
9/6/2016,1.1237
9/7/2016,1.1238
9/8/2016,1.1256
9/9/2016,1.1214
9/12/2016,1.123
9/13/2016,1.1242
9/14/2016,1.1271
9/15/2016,1.1246
9/16/2016,1.116
9/19/2016,1.1179
9/20/2016,1.1172
9/21/2016,1.1165
9/22/2016,1.1229
9/23/2016,1.1223
9/26/2016,1.127
9/27/2016,1.1208
9/28/2016,1.12
9/29/2016,1.1244
9/30/2016,1.1238
10/3/2016,1.121
10/4/2016,1.1212
10/5/2016,1.1196
10/6/2016,1.1158
10/7/2016,1.1156
10/11/2016,1.1062
10/12/2016,1.1014
10/13/2016,1.1038
10/14/2016,1.0985
10/17/2016,1.1
10/18/2016,1.0997
10/19/2016,1.0966
10/20/2016,1.0934
10/21/2016,1.0866
10/24/2016,1.0888
10/25/2016,1.089
10/26/2016,1.0916
10/27/2016,1.0904
10/28/2016,1.0934
10/31/2016,1.0962
11/1/2016,1.1042
11/2/2016,1.1119
11/3/2016,1.1094
11/4/2016,1.1121
11/7/2016,1.1038
11/8/2016,1.1034
11/9/2016,1.0952
11/10/2016,1.0882
11/14/2016,1.0723
11/15/2016,1.0726
11/16/2016,1.0699
11/17/2016,1.0656
11/18/2016,1.06
11/21/2016,1.0597
11/22/2016,1.0618
11/23/2016,1.056
11/25/2016,1.0595
11/28/2016,1.0576
11/29/2016,1.0626
11/30/2016,1.0578
12/1/2016,1.0634
12/2/2016,1.0666
12/5/2016,1.0723
12/6/2016,1.0717
12/7/2016,1.0758
12/8/2016,1.0625
12/9/2016,1.0541
12/12/2016,1.0606
12/13/2016,1.0635
12/14/2016,1.0656
12/15/2016,1.0375
12/16/2016,1.0456
12/19/2016,1.0444
12/20/2016,1.039
12/21/2016,1.0425
12/22/2016,1.0452
12/23/2016,1.0449
12/27/2016,1.0458
12/28/2016,1.0389
12/29/2016,1.0486
12/30/2016,1.0552
1/3/2017,1.0416
1/4/2017,1.0476
1/5/2017,1.0598
1/6/2017,1.056
1/9/2017,1.0576
1/10/2017,1.0572
1/11/2017,1.0501
1/12/2017,1.0666
1/13/2017,1.0625
1/17/2017,1.0695
1/18/2017,1.0682
1/19/2017,1.063
1/23/2017,1.074
1/24/2017,1.0749
1/25/2017,1.0743
1/26/2017,1.067
1/27/2017,1.069
1/30/2017,1.0681
1/31/2017,1.0794
2/1/2017,1.0758
2/2/2017,1.0802
2/3/2017,1.0792
2/6/2017,1.0731
2/7/2017,1.069
2/8/2017,1.0708
2/9/2017,1.0658
2/10/2017,1.065
2/13/2017,1.0603
2/14/2017,1.0577
2/15/2017,1.0597
2/16/2017,1.066
2/17/2017,1.0614
2/21/2017,1.0551
2/22/2017,1.0555
2/23/2017,1.0586
2/24/2017,1.058
2/27/2017,1.0624
2/28/2017,1.0618
3/1/2017,1.0564
3/2/2017,1.0514
3/3/2017,1.0552
3/6/2017,1.0586
3/7/2017,1.0582
3/8/2017,1.0547
3/9/2017,1.0586
3/10/2017,1.0667
3/13/2017,1.067
3/14/2017,1.0645
3/15/2017,1.063
3/16/2017,1.0738
3/17/2017,1.0742
3/20/2017,1.0754
3/21/2017,1.081
3/22/2017,1.08
3/23/2017,1.0787
3/24/2017,1.0806
3/27/2017,1.0882
3/28/2017,1.0852
3/29/2017,1.0756
3/30/2017,1.0726
3/31/2017,1.0698
4/3/2017,1.0655
4/4/2017,1.0664
4/5/2017,1.0661
4/6/2017,1.0651
4/7/2017,1.0616
4/10/2017,1.0606
4/11/2017,1.0614
4/12/2017,1.0611
4/13/2017,1.063
4/14/2017,1.0625
4/17/2017,1.066
4/18/2017,1.0706
4/19/2017,1.0707
4/20/2017,1.0758
4/21/2017,1.0694
4/24/2017,1.0846
4/25/2017,1.0941
4/26/2017,1.0872
4/27/2017,1.0864
4/28/2017,1.0895
5/1/2017,1.0912
5/2/2017,1.091
5/3/2017,1.092
5/4/2017,1.0967
5/5/2017,1.0996
5/8/2017,1.0928
5/9/2017,1.0875
5/10/2017,1.0873
5/11/2017,1.0869
5/12/2017,1.0926
5/15/2017,1.0979
5/16/2017,1.1072
5/17/2017,1.1134
5/18/2017,1.113
5/19/2017,1.119
5/22/2017,1.1236
5/23/2017,1.1198
5/24/2017,1.1175
5/25/2017,1.1218
5/26/2017,1.117
5/30/2017,1.1183
5/31/2017,1.1236
6/1/2017,1.1214
6/2/2017,1.127
6/5/2017,1.125
6/6/2017,1.1266
6/7/2017,1.1236
6/8/2017,1.1217
6/9/2017,1.119
6/12/2017,1.1204
6/13/2017,1.1194
6/14/2017,1.1277
6/15/2017,1.1152
6/16/2017,1.1194
6/19/2017,1.116
6/20/2017,1.1124
6/21/2017,1.1143
6/22/2017,1.1148
6/23/2017,1.1196
6/26/2017,1.1196
6/27/2017,1.13
6/28/2017,1.1364
6/29/2017,1.142
6/30/2017,1.1411
7/3/2017,1.1367
7/5/2017,1.1336
7/6/2017,1.1409
7/7/2017,1.1396
7/10/2017,1.1396
7/11/2017,1.143
7/12/2017,1.1411
7/13/2017,1.1385
7/14/2017,1.1452
7/17/2017,1.147
7/18/2017,1.1578
7/19/2017,1.1518
7/20/2017,1.1634
7/21/2017,1.1655
7/24/2017,1.1642
7/25/2017,1.1656
7/26/2017,1.1632
7/27/2017,1.1656
7/28/2017,1.1754
7/31/2017,1.1826
8/1/2017,1.1799
8/2/2017,1.1861
8/3/2017,1.188
8/4/2017,1.1754
8/7/2017,1.1788
8/8/2017,1.1724
8/9/2017,1.1748
8/10/2017,1.1751
8/11/2017,1.1811
8/14/2017,1.1786
8/15/2017,1.1736
8/16/2017,1.1703
8/17/2017,1.1736
8/18/2017,1.1748
8/21/2017,1.1814
8/22/2017,1.1762
8/23/2017,1.1802
8/24/2017,1.1801
8/25/2017,1.1874
8/28/2017,1.1973
8/29/2017,1.2025
8/30/2017,1.1927
8/31/2017,1.1894
9/1/2017,1.1878
9/5/2017,1.1911
9/6/2017,1.1943
9/7/2017,1.2028
9/8/2017,1.2041
9/11/2017,1.1964
9/12/2017,1.1968
9/13/2017,1.1898
9/14/2017,1.1886
9/15/2017,1.1959
9/18/2017,1.1938
9/19/2017,1.198
9/20/2017,1.1998
9/21/2017,1.1946
9/22/2017,1.1969
9/25/2017,1.1852
9/26/2017,1.1772
9/27/2017,1.1747
9/28/2017,1.1776
9/29/2017,1.1813
10/2/2017,1.1745
10/3/2017,1.1759
10/4/2017,1.176
10/5/2017,1.1706
10/6/2017,1.1732
10/10/2017,1.1804
10/11/2017,1.1847
10/12/2017,1.184
10/13/2017,1.1837
10/16/2017,1.181
10/17/2017,1.1754
10/18/2017,1.1775
10/19/2017,1.1842
10/20/2017,1.177
10/23/2017,1.1762
10/24/2017,1.1766
10/25/2017,1.1802
10/26/2017,1.17
10/27/2017,1.158
10/30/2017,1.1626
10/31/2017,1.1648
11/1/2017,1.1618
11/2/2017,1.1672
11/3/2017,1.1616
11/6/2017,1.16
11/7/2017,1.1577
11/8/2017,1.1591
11/9/2017,1.1648
11/13/2017,1.1656
11/14/2017,1.1764
11/15/2017,1.1794
11/16/2017,1.1772
11/17/2017,1.1799
11/20/2017,1.1741
11/21/2017,1.1741
11/22/2017,1.1789
11/24/2017,1.1936
11/27/2017,1.1911
11/28/2017,1.1878
11/29/2017,1.1858
11/30/2017,1.1898
12/1/2017,1.191
12/4/2017,1.1848
12/5/2017,1.182
12/6/2017,1.1788
12/7/2017,1.179
12/8/2017,1.1761
12/11/2017,1.1802
12/12/2017,1.1725
12/13/2017,1.1762
12/14/2017,1.1778
12/15/2017,1.1778
12/18/2017,1.1804
12/19/2017,1.1822
12/20/2017,1.1881
12/21/2017,1.1872
12/22/2017,1.1839
12/26/2017,1.1867
12/27/2017,1.1902
12/28/2017,1.1952
12/29/2017,1.2022
1/2/2018,1.205
1/3/2018,1.203
1/4/2018,1.2064
1/5/2018,1.2039
1/8/2018,1.1973
1/9/2018,1.1922
1/10/2018,1.1958
1/11/2018,1.2035
1/12/2018,1.213
1/16/2018,1.2244
1/17/2018,1.2229
1/18/2018,1.2238
1/19/2018,1.2238
1/22/2018,1.223
1/23/2018,1.2277
1/24/2018,1.239
1/25/2018,1.2488
1/26/2018,1.2422
1/29/2018,1.2352
1/30/2018,1.239
1/31/2018,1.2428
2/1/2018,1.2482
2/2/2018,1.2446
2/5/2018,1.2418
2/6/2018,1.2381
2/7/2018,1.2281
2/8/2018,1.2238
2/9/2018,1.2226
2/12/2018,1.2267
2/13/2018,1.2363
2/14/2018,1.2396
2/15/2018,1.2482
2/16/2018,1.2442
2/20/2018,1.2348
2/21/2018,1.2314
2/22/2018,1.2326
2/23/2018,1.2298
2/26/2018,1.2296
2/27/2018,1.2239
2/28/2018,1.2211
3/1/2018,1.2216
3/2/2018,1.2314
3/5/2018,1.233
3/6/2018,1.2415
3/7/2018,1.2397
3/8/2018,1.2314
3/9/2018,1.2326
3/12/2018,1.2318
3/13/2018,1.2398
3/14/2018,1.2362
3/15/2018,1.2321
3/16/2018,1.228
3/19/2018,1.2329
3/20/2018,1.2271
3/21/2018,1.2268
3/22/2018,1.231
3/23/2018,1.236
3/26/2018,1.244
3/27/2018,1.241
3/28/2018,1.2351
3/29/2018,1.2297
3/30/2018,1.232
4/2/2018,1.2288
4/3/2018,1.2261
4/4/2018,1.2292
4/5/2018,1.223
4/6/2018,1.2274
4/9/2018,1.232
4/10/2018,1.2338
4/11/2018,1.2384
4/12/2018,1.232
4/13/2018,1.2322
4/16/2018,1.2373
4/17/2018,1.2345
4/18/2018,1.238
4/19/2018,1.2336
4/20/2018,1.2282
4/23/2018,1.2216
4/24/2018,1.2226
4/25/2018,1.2178
4/26/2018,1.2113
4/27/2018,1.2108
4/30/2018,1.2074
5/1/2018,1.2
5/2/2018,1.1968
5/3/2018,1.197
5/4/2018,1.1946
5/7/2018,1.1927
5/8/2018,1.1863
5/9/2018,1.1852
5/10/2018,1.1896
5/11/2018,1.1951
5/14/2018,1.1976
5/15/2018,1.1864
5/16/2018,1.1788
5/17/2018,1.1798
5/18/2018,1.1775
5/21/2018,1.1768
5/22/2018,1.1783
5/23/2018,1.1693
5/24/2018,1.1729
5/25/2018,1.1666
5/29/2018,1.1551
5/30/2018,1.1664
5/31/2018,1.167
6/1/2018,1.1679
6/4/2018,1.1696
6/5/2018,1.1672
6/6/2018,1.1778
6/7/2018,1.1815
6/8/2018,1.1773
6/11/2018,1.1802
6/12/2018,1.1792
6/13/2018,1.1784
6/14/2018,1.1634
6/15/2018,1.1616
6/18/2018,1.1606
6/19/2018,1.1577
6/20/2018,1.1592
6/21/2018,1.16
6/22/2018,1.163
6/25/2018,1.1694
6/26/2018,1.1675
6/27/2018,1.1588
6/28/2018,1.1582
6/29/2018,1.1677
7/2/2018,1.1604
7/3/2018,1.1653
7/5/2018,1.1697
7/6/2018,1.1738
7/9/2018,1.1744
7/10/2018,1.1728
7/11/2018,1.1722
7/12/2018,1.1692
7/13/2018,1.1667
7/16/2018,1.171
7/17/2018,1.1664
7/18/2018,1.1645
7/19/2018,1.1604
7/20/2018,1.1708
7/23/2018,1.1702
7/24/2018,1.1684
7/25/2018,1.1677
7/26/2018,1.1654
7/27/2018,1.166
7/30/2018,1.1718
7/31/2018,1.1706
8/1/2018,1.1666
8/2/2018,1.1612
8/3/2018,1.1597
8/6/2018,1.1564
8/7/2018,1.1597
8/8/2018,1.1598
8/9/2018,1.1566
8/10/2018,1.1399
8/13/2018,1.1396
8/14/2018,1.1351
8/15/2018,1.1332
8/16/2018,1.1388
8/17/2018,1.141
8/20/2018,1.1438
8/21/2018,1.1534
8/22/2018,1.1595
8/23/2018,1.1567
8/24/2018,1.1625
8/27/2018,1.1676
8/28/2018,1.172
8/29/2018,1.1699
8/30/2018,1.1646
8/31/2018,1.1596
9/4/2018,1.1566
9/5/2018,1.162
9/6/2018,1.1624
9/7/2018,1.1572
9/10/2018,1.1604
9/11/2018,1.1591
9/12/2018,1.1626
9/13/2018,1.1672
9/14/2018,1.1656
9/17/2018,1.1687
9/18/2018,1.1693
9/19/2018,1.1685
9/20/2018,1.1744
9/21/2018,1.1739
9/24/2018,1.1773
9/25/2018,1.177
9/26/2018,1.1758
9/27/2018,1.167
9/28/2018,1.1622
10/1/2018,1.1567
10/2/2018,1.156
10/3/2018,1.1525
10/4/2018,1.1508
10/5/2018,1.1502
10/9/2018,1.1482
10/10/2018,1.1541
10/11/2018,1.1565
10/12/2018,1.1559
10/15/2018,1.1594
10/16/2018,1.1593
10/17/2018,1.154
10/18/2018,1.1494
10/19/2018,1.1513
10/22/2018,1.1467
10/23/2018,1.148
10/24/2018,1.1389
10/25/2018,1.1374
10/26/2018,1.1388
10/29/2018,1.139
10/30/2018,1.1364
10/31/2018,1.1332
11/1/2018,1.1396
11/2/2018,1.1378
11/5/2018,1.1394
11/6/2018,1.1412
11/7/2018,1.1459
11/8/2018,1.1416
11/9/2018,1.1325
11/13/2018,1.1288
11/14/2018,1.1312
11/15/2018,1.1324
11/16/2018,1.1402
11/19/2018,1.1448
11/20/2018,1.1391
11/21/2018,1.1393
11/23/2018,1.1332
11/26/2018,1.1336
11/27/2018,1.1281
11/28/2018,1.1286
11/29/2018,1.1382
11/30/2018,1.1323
12/3/2018,1.1356
12/4/2018,1.1345
12/6/2018,1.1374
12/7/2018,1.139
12/10/2018,1.1368
12/11/2018,1.1314
12/12/2018,1.1362
12/13/2018,1.1358
12/14/2018,1.13
12/17/2018,1.1339
12/18/2018,1.1364
12/19/2018,1.1422
12/20/2018,1.1432
12/21/2018,1.1402
12/26/2018,1.1408
12/27/2018,1.1412
12/28/2018,1.1445
12/31/2018,1.1456
1/2/2019,1.1357
1/3/2019,1.1399
1/4/2019,1.141
1/7/2019,1.1468
1/8/2019,1.1444
1/9/2019,1.1524
1/10/2019,1.1517
1/11/2019,1.1479
1/15/2019,1.1392
1/16/2019,1.1408
1/17/2019,1.1386
1/18/2019,1.1362
1/22/2019,1.1359
1/23/2019,1.139
1/24/2019,1.1322
1/25/2019,1.1407
1/28/2019,1.1438
1/29/2019,1.1424
1/30/2019,1.1418
1/31/2019,1.1454
2/1/2019,1.1474
2/4/2019,1.1438
2/5/2019,1.1406
2/6/2019,1.138
2/7/2019,1.1357
2/8/2019,1.1326
2/11/2019,1.1277
2/12/2019,1.1316
2/13/2019,1.1288
2/14/2019,1.1284
2/15/2019,1.1268
2/19/2019,1.1328
2/21/2019,1.1338
2/22/2019,1.1342
2/25/2019,1.1345
2/26/2019,1.1374
2/27/2019,1.137
2/28/2019,1.1379
3/1/2019,1.1376
3/4/2019,1.1328
3/5/2019,1.13
3/6/2019,1.132
3/7/2019,1.1214
3/8/2019,1.1243
3/11/2019,1.1226
3/12/2019,1.1276
3/13/2019,1.131
3/14/2019,1.1304
3/15/2019,1.1326
3/18/2019,1.1337
3/19/2019,1.1346
3/20/2019,1.1352
3/21/2019,1.1361
3/22/2019,1.1282
3/25/2019,1.1324
3/26/2019,1.128
3/27/2019,1.125
3/28/2019,1.1236
3/29/2019,1.1228
4/1/2019,1.121
4/2/2019,1.1186
4/3/2019,1.1242
4/4/2019,1.1216
4/5/2019,1.1217
4/8/2019,1.1262
4/9/2019,1.1278
4/10/2019,1.1266
4/11/2019,1.1262
4/12/2019,1.1304
4/15/2019,1.1304
4/16/2019,1.1293
4/17/2019,1.1297
4/18/2019,1.1241
4/19/2019,1.1246
4/22/2019,1.1258
4/23/2019,1.1213
4/24/2019,1.1192
4/25/2019,1.114
4/26/2019,1.1154
4/29/2019,1.1166
4/30/2019,1.1201
5/1/2019,1.1246
5/2/2019,1.1184
5/3/2019,1.1186
5/6/2019,1.1197
5/7/2019,1.1178
5/8/2019,1.1206
5/9/2019,1.1228
5/10/2019,1.1241
5/13/2019,1.1232
5/14/2019,1.1207
5/15/2019,1.1208
5/16/2019,1.1178
5/17/2019,1.1166
5/20/2019,1.117
5/21/2019,1.1158
5/22/2019,1.1156
5/23/2019,1.1172
5/24/2019,1.1197
5/28/2019,1.1177
5/29/2019,1.1136
5/30/2019,1.114
5/31/2019,1.1149
6/3/2019,1.1206
6/4/2019,1.1236
6/5/2019,1.1242
6/6/2019,1.1294
6/7/2019,1.1324
6/10/2019,1.1311
6/11/2019,1.1316
6/12/2019,1.131
6/13/2019,1.1275
6/14/2019,1.1217
6/17/2019,1.1235
6/18/2019,1.1196
6/19/2019,1.1214
6/20/2019,1.1284
6/21/2019,1.1328
6/24/2019,1.1393
6/25/2019,1.1386
6/26/2019,1.139
6/27/2019,1.1372
6/28/2019,1.1374
7/1/2019,1.1307
7/2/2019,1.1301
7/3/2019,1.1275
7/5/2019,1.1216
7/8/2019,1.1208
7/9/2019,1.121
7/10/2019,1.126
7/11/2019,1.1261
7/12/2019,1.1254
7/15/2019,1.126
7/16/2019,1.1212
7/17/2019,1.1232
7/18/2019,1.1228
7/19/2019,1.122
7/22/2019,1.1214
7/23/2019,1.1156
7/24/2019,1.1141
7/25/2019,1.1156
7/26/2019,1.1121
7/29/2019,1.1142
7/30/2019,1.1148
7/31/2019,1.113
8/1/2019,1.1062
8/2/2019,1.1112
8/5/2019,1.1197
8/6/2019,1.1196
8/7/2019,1.1236
8/8/2019,1.121
8/9/2019,1.1222
8/12/2019,1.1212
8/13/2019,1.1182
8/14/2019,1.1144
8/15/2019,1.1106
8/16/2019,1.1091
8/19/2019,1.1096
8/20/2019,1.1092
8/21/2019,1.1098
8/22/2019,1.1089
8/23/2019,1.1148
8/26/2019,1.1112
8/27/2019,1.1094
8/28/2019,1.1084
8/29/2019,1.1059
8/30/2019,1.0989
9/3/2019,1.0968
9/4/2019,1.1025
9/5/2019,1.1038
9/6/2019,1.1042
9/9/2019,1.1056
9/10/2019,1.1042
9/11/2019,1.1001
9/12/2019,1.1074
9/13/2019,1.1074
9/16/2019,1.1006
9/17/2019,1.1063
9/18/2019,1.1061
9/19/2019,1.1046
9/20/2019,1.1004
9/23/2019,1.0991
9/24/2019,1.0999
9/25/2019,1.0949
9/26/2019,1.0938
9/27/2019,1.0942
9/30/2019,1.0905
10/1/2019,1.0932
10/2/2019,1.0951
10/3/2019,1.0991
10/4/2019,1.0974
10/7/2019,1.0984
10/8/2019,1.0949
10/9/2019,1.0978
10/10/2019,1.1018
10/11/2019,1.1039
10/15/2019,1.1036
10/16/2019,1.1075
10/17/2019,1.1129
10/18/2019,1.1155
10/21/2019,1.1145
10/22/2019,1.1138
10/23/2019,1.1118
10/24/2019,1.1098
10/25/2019,1.1081
10/28/2019,1.1094
10/29/2019,1.1117
10/30/2019,1.1123
10/31/2019,1.1155
11/1/2019,1.1169
11/4/2019,1.1144
11/5/2019,1.107
11/6/2019,1.1076
11/7/2019,1.1045
11/8/2019,1.1019
11/12/2019,1.1017
11/13/2019,1.1004
11/14/2019,1.1016
11/15/2019,1.1046
11/18/2019,1.1079
11/19/2019,1.1075
11/20/2019,1.1063
11/21/2019,1.1067
11/22/2019,1.1029
11/25/2019,1.1009
11/26/2019,1.1012
11/27/2019,1.1002
11/29/2019,1.1019
12/2/2019,1.1075
12/3/2019,1.1089
12/4/2019,1.1076
12/5/2019,1.1104
12/6/2019,1.1052
12/9/2019,1.1067
12/10/2019,1.109
12/11/2019,1.1092
12/12/2019,1.1115
12/13/2019,1.1128
12/16/2019,1.1139
12/17/2019,1.1148
12/18/2019,1.1113
12/19/2019,1.1128
12/20/2019,1.1076
12/23/2019,1.1091
12/24/2019,1.1084
12/26/2019,1.1102
12/27/2019,1.1174
12/30/2019,1.1217
12/31/2019,1.1227
1/2/2020,1.1166
1/3/2020,1.1173
1/6/2020,1.1187
1/7/2020,1.1138
1/8/2020,1.1117
1/9/2020,1.1106
1/10/2020,1.1119
1/13/2020,1.1138
1/14/2020,1.113
1/15/2020,1.116
1/16/2020,1.1131
1/17/2020,1.1093
1/21/2020,1.1096
1/22/2020,1.1085
1/23/2020,1.1041
1/24/2020,1.1026
1/27/2020,1.1019
1/28/2020,1.1008
1/29/2020,1.1004
1/30/2020,1.1032
1/31/2020,1.1082
2/3/2020,1.1062
2/4/2020,1.1043
2/5/2020,1.1006
2/6/2020,1.0979
2/7/2020,1.095
2/10/2020,1.0916
2/11/2020,1.0917
2/12/2020,1.0893
2/13/2020,1.0848
2/14/2020,1.0839
2/18/2020,1.0815
2/19/2020,1.0794
2/20/2020,1.0797
2/21/2020,1.0855
2/24/2020,1.0857
2/25/2020,1.0868
2/26/2020,1.0887
2/27/2020,1.0977
2/28/2020,1.1001
3/2/2020,1.1164
3/3/2020,1.1175
3/4/2020,1.113
3/5/2020,1.1202
3/6/2020,1.1319
3/9/2020,1.142
3/10/2020,1.1342
3/11/2020,1.128
3/12/2020,1.1081
3/13/2020,1.1066
3/16/2020,1.1139
3/17/2020,1.0971
3/18/2020,1.0833
3/19/2020,1.0699
3/20/2020,1.0682
3/23/2020,1.076
3/24/2020,1.0794
3/25/2020,1.0835
3/26/2020,1.1025
3/27/2020,1.1059
3/30/2020,1.1018
3/31/2020,1.1016
4/1/2020,1.0934
4/2/2020,1.0862
4/3/2020,1.0797
4/6/2020,1.0808
4/7/2020,1.0886
4/8/2020,1.0864
4/9/2020,1.0931
4/10/2020,1.0951
4/13/2020,1.0906
4/14/2020,1.0971
4/15/2020,1.0909
4/16/2020,1.084
4/17/2020,1.0883
4/20/2020,1.0874
4/21/2020,1.0854
4/22/2020,1.0829
4/23/2020,1.0815
4/24/2020,1.0798
4/27/2020,1.0829
4/28/2020,1.0836
4/29/2020,1.0853
4/30/2020,1.0934
5/1/2020,1.0998
5/4/2020,1.0911
5/5/2020,1.0844
5/6/2020,1.0806
5/7/2020,1.0815
5/8/2020,1.0854
5/11/2020,1.0818
5/12/2020,1.0864
5/13/2020,1.0837
5/14/2020,1.08
5/15/2020,1.0816
5/18/2020,1.0904
5/19/2020,1.0937
5/20/2020,1.098
5/21/2020,1.0953
5/22/2020,1.0894
5/26/2020,1.097
5/27/2020,1.0969
5/28/2020,1.1069
5/29/2020,1.1107
6/1/2020,1.1123
6/2/2020,1.1166
6/3/2020,1.1246
6/4/2020,1.1322
6/5/2020,1.1297
6/8/2020,1.1293
6/9/2020,1.1348
6/10/2020,1.1355
6/11/2020,1.1378
6/12/2020,1.1253
6/15/2020,1.127
6/16/2020,1.1259
6/17/2020,1.1219
6/18/2020,1.1216
6/19/2020,1.1189
6/22/2020,1.126
6/23/2020,1.1322
6/24/2020,1.1272
6/25/2020,1.1221
6/26/2020,1.1215
6/29/2020,1.1237
6/30/2020,1.1237
7/1/2020,1.1259
7/2/2020,1.1237
7/6/2020,1.1307
7/7/2020,1.1299
7/8/2020,1.1329
7/9/2020,1.1298
7/10/2020,1.1318
7/13/2020,1.1364
7/14/2020,1.1406
7/15/2020,1.1406
7/16/2020,1.1433
7/17/2020,1.1438
7/20/2020,1.1442
7/21/2020,1.1495
7/22/2020,1.1587
7/23/2020,1.1623
7/24/2020,1.1635
7/27/2020,1.175
7/28/2020,1.1733
7/29/2020,1.177
7/30/2020,1.1791
7/31/2020,1.1822
8/3/2020,1.175
8/4/2020,1.1766
8/5/2020,1.1898
8/6/2020,1.1856
8/7/2020,1.1776
8/10/2020,1.1756
8/11/2020,1.1764
8/12/2020,1.1796
8/13/2020,1.1818
8/14/2020,1.1833
8/17/2020,1.1869
8/18/2020,1.1928
8/19/2020,1.1898
8/20/2020,1.1862
8/21/2020,1.1775
8/24/2020,1.1803
8/25/2020,1.1818
8/26/2020,1.1813
8/27/2020,1.1824
8/28/2020,1.1901
8/31/2020,1.195
9/1/2020,1.1949
9/2/2020,1.184
9/3/2020,1.1832
9/4/2020,1.182
9/8/2020,1.1789
9/9/2020,1.181
9/10/2020,1.188
9/11/2020,1.1831
9/14/2020,1.1874
9/15/2020,1.1846
9/16/2020,1.1835
9/17/2020,1.1823
9/18/2020,1.1857
9/21/2020,1.1737
9/22/2020,1.1703
9/23/2020,1.1677
9/24/2020,1.1666
9/25/2020,1.1618
9/28/2020,1.166
9/29/2020,1.1717
9/30/2020,1.1723
10/1/2020,1.1752
10/2/2020,1.1706
10/5/2020,1.1784
10/6/2020,1.1778
10/7/2020,1.1766
10/8/2020,1.1753
10/9/2020,1.1819
10/13/2020,1.1737
10/14/2020,1.1755
10/15/2020,1.1701
10/16/2020,1.1717
10/19/2020,1.1788
10/20/2020,1.1824
10/21/2020,1.187
10/22/2020,1.1824
10/23/2020,1.1844
10/26/2020,1.1816
10/27/2020,1.1834
10/28/2020,1.1751
10/29/2020,1.1658
10/30/2020,1.1647
11/2/2020,1.1634
11/3/2020,1.1724
11/4/2020,1.173
11/5/2020,1.1809
11/6/2020,1.1886
11/9/2020,1.1811
11/10/2020,1.181
11/12/2020,1.1814
11/13/2020,1.1824
11/16/2020,1.1844
11/17/2020,1.1862
11/18/2020,1.1869
11/19/2020,1.1843
11/20/2020,1.1857
11/23/2020,1.1826
11/24/2020,1.1874
11/25/2020,1.1908
11/30/2020,1.1948
12/1/2020,1.2039
12/2/2020,1.2093
12/3/2020,1.2152
12/4/2020,1.2142
12/7/2020,1.2138
12/8/2020,1.2111
12/9/2020,1.208
12/10/2020,1.2118
12/11/2020,1.2112
12/14/2020,1.2145
12/15/2020,1.2158
12/16/2020,1.2175
12/17/2020,1.2258
12/18/2020,1.2236
12/21/2020,1.223
12/22/2020,1.2172
12/23/2020,1.2194
12/28/2020,1.2213
12/29/2020,1.2252
12/30/2020,1.228
12/31/2020,1.223
1/4/2021,1.2254
1/5/2021,1.2295
1/6/2021,1.229
1/7/2021,1.2265
1/8/2021,1.2252
1/11/2021,1.2169
1/12/2021,1.2168
1/13/2021,1.2159
1/14/2021,1.2156
1/15/2021,1.2099
1/19/2021,1.2126
1/21/2021,1.2143
1/22/2021,1.2179
1/25/2021,1.2138
1/26/2021,1.2147
1/27/2021,1.2101
1/28/2021,1.2122
1/29/2021,1.2135
2/1/2021,1.207
2/2/2021,1.202
2/3/2021,1.2025
2/4/2021,1.1974
2/5/2021,1.2035
2/8/2021,1.2045
2/9/2021,1.2106
2/10/2021,1.2132
2/11/2021,1.2127
2/12/2021,1.2126
2/16/2021,1.2107
2/17/2021,1.2042
2/18/2021,1.2078
2/19/2021,1.2136
2/22/2021,1.2155
2/23/2021,1.2142
2/24/2021,1.2143
2/25/2021,1.2229
2/26/2021,1.2093
3/1/2021,1.2054
3/2/2021,1.2079
3/3/2021,1.2073
3/4/2021,1.2045
3/5/2021,1.1914
3/8/2021,1.1849
3/9/2021,1.1885
3/10/2021,1.19
3/11/2021,1.1978
3/12/2021,1.1952
3/15/2021,1.1917
3/16/2021,1.1895
3/17/2021,1.1905
3/18/2021,1.1926
3/19/2021,1.1909
3/22/2021,1.1932
3/23/2021,1.1872
3/24/2021,1.1831
3/25/2021,1.1777
3/26/2021,1.1798
3/29/2021,1.1779
3/30/2021,1.1724
3/31/2021,1.1743
4/1/2021,1.1772
4/2/2021,1.1763
4/5/2021,1.181
4/6/2021,1.1852
4/7/2021,1.189
4/8/2021,1.1904
4/9/2021,1.1897
4/12/2021,1.1907
4/13/2021,1.1939
4/14/2021,1.1974
4/15/2021,1.1964
4/16/2021,1.198
4/19/2021,1.2028
4/20/2021,1.2045
4/21/2021,1.2033
4/22/2021,1.2012
4/23/2021,1.2069
4/26/2021,1.2083
4/27/2021,1.2079
4/28/2021,1.2098
4/29/2021,1.211
4/30/2021,1.203
5/3/2021,1.2059
5/4/2021,1.2014
5/5/2021,1.2003
5/6/2021,1.2049
5/7/2021,1.2165
5/10/2021,1.217
5/11/2021,1.2169
5/12/2021,1.2074
5/13/2021,1.207
5/14/2021,1.2141
5/17/2021,1.2155
5/18/2021,1.2203
5/19/2021,1.2216
5/20/2021,1.2225
5/21/2021,1.2178
